Date,Google,Mkt-Rf,Rf
20140103,-0.007276974,0.0003,0
20140106,0.011149321,-0.0034,0
20140107,0.019260373,0.0068,0
20140108,0.002089846,0.0004,0
20140109,-0.009621282,0.0002,0
20140110,-5.31E-05,0.0027,0
20140113,-0.006370667,-0.0132,0
20140114,0.023526688,0.0115,0
20140115,-0.000696015,0.0053,0
20140116,0.006634163,-0.0007,0
20140117,-0.004929858,-0.0039,0
20140121,0.01145569,0.003,0
20140122,0.001134313,0.0015,0
20140123,-0.004240271,-0.0086,0
20140124,-0.031256465,-0.0219,0
20140127,-0.020109982,-0.0065,0
20140128,0.019778064,0.0073,0
20140129,-0.014318789,-0.0107,0
20140130,0.025710982,0.0122,0
20140131,0.04014515,-0.0066,0
20140203,-0.040255385,-0.0249,0
20140204,0.004182033,0.0077,0
20140205,0.0044282,-0.0023,0
20140206,0.014660602,0.0121,0
20140207,0.015069485,0.0133,0
20140210,-0.003838837,0.0016,0
20140211,0.014715411,0.0109,0
20140212,-0.002940732,0.0011,0
20140213,0.011140324,0.0072,0
20140214,0.002416868,0.0042,0
20140218,0.006717659,0.0027,0
20140219,-0.007069239,-0.0074,0
20140220,0.001480471,0.007,0
20140221,-0.000265759,-0.0009,0
20140224,0.007243849,0.0065,0
20140225,0.006185567,-0.001,0
20140226,0.000131148,0.0012,0
20140227,-0.000786782,0.0054,0
20140228,-0.002919948,0.0015,0
20140303,-0.010661051,-0.007,0
20140304,0.010160641,0.0167,0
20140305,0.00276566,0.0001,0
20140306,0.001099929,0.0016,0
20140307,-0.003952115,0.0004,0
20140310,-0.002650686,-0.0009,0
20140311,-0.009557925,-0.0062,0
20140312,0.006100102,0.0013,0
20140313,-0.015108092,-0.0121,0
20140314,-0.013674667,-0.0016,0
20140317,0.016439291,0.009,0
20140318,0.016089524,0.0082,0
20140319,-0.009923551,-0.0059,0
20140320,-0.001734432,0.0052,0
20140321,-0.011794581,-0.0037,0
20140324,-0.021233433,-0.0064,0
20140325,0.000690894,0.003,0
20140326,-0.023094449,-0.0089,0
20140327,-0.015989964,-0.0019,0
20140328,0.002747203,0.0041,0
20140331,-0.005389822,0.0097,0
20140401,0.018291475,0.0087,0
20140402,-0.00028288,0.0029,0
20140403,0.004828013,-0.0031,0
20140404,-0.046692949,-0.0147,0
20140407,-0.009175667,-0.0126,0
20140408,0.031117239,0.005,0
20140409,0.016661245,0.0121,0
20140410,-0.041112691,-0.0224,0
20140411,-0.019129887,-0.0107,0
20140414,0.003609563,0.007,0
20140415,0.007362633,0.0059,0
20140416,0.037478737,0.0113,0
20140417,-0.036737415,0.0023,0
20140421,-0.013953575,0.0036,0
20140422,0.011722974,0.0058,0
20140423,-0.01471829,-0.0031,0
20140424,-0.00338725,0.0008,0
20140425,-0.017089284,-0.0105,0
20140428,0.001864911,0.0011,0
20140429,0.02041766,0.0056,0
20140430,-0.001976209,0.0035,0
20140501,0.008910552,0.0004,0
20140502,-0.006454048,-0.0007,0
20140505,-0.000208935,0.0013,0
20140506,-0.024013527,-0.0103,0
20140507,-0.010063652,0.0045,0
20140508,0.00204499,-0.0026,0
20140509,0.015129513,0.0025,0
20140512,0.021573138,0.012,0
20140513,0.005979526,-0.0005,0
20140514,-0.012076068,-0.006,0
20140515,-0.012661602,-0.009,0
20140516,0.001234187,0.0036,0
20140519,0.015812789,0.005,0
20140520,0.001725413,-0.0078,0
20140521,0.017300121,0.0081,0
20140522,0.011368288,0.0036,0
20140523,0.014018434,0.0049,0
20140527,0.023966327,0.0069,0
20140528,-0.007547838,-0.0011,0
20140529,-0.002838576,0.0054,0
20140530,-0.000340167,0.0006,0
20140602,-0.010656207,0.0006,0
20140603,-0.016219837,-0.0005,0
20140604,-0.000515227,0.0028,0
20140605,0.016956017,0.0077,0
20140606,0.004399146,0.0054,0
20140609,0.010399957,0.0022,0
20140610,-0.002782832,-0.0003,0
20140611,-0.003058925,-0.0034,0
20140612,-0.013403671,-0.0068,0
20140613,0.000745671,0.0031,0
20140616,-0.013557474,0.0013,0
20140617,-0.002339763,0.0034,0
20140618,0.019094401,0.0075,0
20140619,0.002754322,0.0012,0
20140620,0.002638332,0.0018,0
20140623,0.015427871,-0.0001,0
20140624,-0.000585729,-0.0072,0
20140625,0.024863694,0.0053,0
20140626,-0.004592164,-0.0011,0
20140627,0.002158699,0.0026,0
20140630,-0.003387416,0.0007,0
20140701,0.012828781,0.0074,0
20140702,-0.000567918,-0.0003,0
20140703,0.004115439,0.0059,0
20140707,-0.004235762,-0.0062,0
20140708,-0.019167843,-0.0082,0
20140709,0.008726494,0.0046,0
20140710,-0.008633594,-0.0049,0
20140711,0.014134214,0.0012,0
20140714,0.009833965,0.0046,0
20140715,-0.000154302,-0.0032,0
20140716,-0.003635241,0.0032,0
20140717,-0.015316835,-0.0121,0
20140718,0.037209871,0.0112,0
20140721,-0.009419496,-0.0025,0
20140722,0.008930698,0.0053,0
20140723,0.002090675,0.0019,0
20140724,-0.004408177,0.0005,0
20140725,-0.007300627,-0.0053,0
20140728,0.00267275,-0.0008,0
20140729,-0.008438317,-0.0033,0
20140730,0.003082139,0.0012,0
20140731,-0.026919991,-0.0203,0
20140801,-0.009683531,-0.0032,0
20140804,0.0125062,0.0074,0
20140805,-0.014101263,-0.0084,0
20140806,0.002306928,0.0002,0
20140807,-0.005311427,-0.0052,0
20140808,0.00959382,0.0113,0
20140811,-0.001551454,0.004,0
20140812,-0.00907598,-0.0023,0
20140813,0.021418771,0.0069,0
20140814,-0.000226793,0.0044,0
20140815,-0.0020416,0,0
20140818,0.015142243,0.0093,0
20140819,0.008061043,0.0049,0
20140820,-0.004032465,0.0019,0
20140821,-0.00192146,0.0028,0
20140822,-0.001375114,-0.001,0
20140825,-0.004062172,0.005,0
20140826,-0.004026892,0.0019,0
20140827,-0.01186923,0,0
20140828,-0.003161,-0.0019,0
20140829,0.004228032,0.0039,0
20140902,0.010016841,0.0006,0
20140903,0.001059488,-0.0014,0
20140904,0.006992158,-0.0017,0
20140905,0.007046986,0.0045,0
20140908,0.006210649,-0.0022,0
20140909,-0.014776147,-0.0072,0
20140910,0.003589797,0.0045,0
20140911,-0.002992261,0.0019,0
20140912,-0.009866152,-0.0055,0
20140915,-0.004372518,-0.0028,0
20140916,0.011950379,0.007,0
20140917,0.008316619,0.0017,0
20140918,0.007699299,0.005,0
20140919,0.0115543,-0.0018,0
20140922,-0.014618555,-0.0097,0
20140923,-0.010618683,-0.0062,0
20140924,0.011802464,0.0081,0
20140925,-0.021982332,-0.0162,0
20140926,0.00353973,0.0085,0
20140929,-0.001285794,-0.0022,0
20140930,0.001739796,-0.004,0
20141001,-0.015752544,-0.0139,0
20141002,0.003193873,0.0015,0
20141003,0.009128966,0.0108,0
20141006,0.003590664,-0.0026,0
20141007,-0.023568439,-0.0156,0
20141008,0.015528282,0.017,0
20141009,-0.020300212,-0.0217,0
20141010,-0.029213001,-0.013,0
20141013,-0.020718232,-0.0159,0
20141014,0.008876352,0.0028,0
20141015,-0.014707253,-0.0053,0
20141016,-0.010424155,0.0022,0
20141017,-0.025426807,0.0114,0
20141020,0.018910489,0.0094,0
20141021,0.010954737,0.0198,0
20141022,0.011712055,-0.0085,0
20141023,0.021157647,0.0129,0
20141024,-0.007723645,0.0066,0
20141027,0.001839123,-0.0017,0
20141028,0.015038291,0.0137,0
20141029,0.000785532,-0.0018,0
20141030,0.001770622,0.006,0
20141031,0.015943878,0.0123,0
20141103,-0.00690521,-0.0001,0
20141104,-0.002004696,-0.0035,0
20141105,-0.014766825,0.0048,0
20141106,-0.007108352,0.0049,0
20141107,-0.001905431,0.0009,0
20141110,0.011973384,0.0033,0
20141111,0.005109984,0.001,0
20141112,-0.005412005,0.0007,0
20141113,-0.003517708,-0.0003,0
20141114,-0.001801835,0.0006,0
20141117,-0.014495957,-0.0005,0
20141118,-0.002747458,0.0051,0
20141119,0.003654628,-0.0021,0
20141120,-0.004014789,0.0031,0
20141121,0.004987157,0.0048,0
20141124,0.003283398,0.004,0
20141125,0.003365626,-0.0009,0
20141126,-0.001315789,0.003,0
20141128,0.002709273,-0.0035,0
20141201,-0.014823725,-0.009,0
20141202,-9.39E-05,0.0065,0
20141203,-0.004546394,0.0046,0
20141204,0.011266915,-0.0017,0
20141205,-0.022432069,0.0025,0
20141208,0.003283571,-0.0082,0
20141209,0.012120866,0.0013,0
20141210,-0.013705326,-0.0172,0
20141211,0.004326941,0.005,0
20141212,-0.018315018,-0.0155,0
20141215,-0.009376692,-0.0068,0
20141216,-0.035832081,-0.008,0
20141217,0.019189118,0.0215,0
20141218,0.012293698,0.0236,0
20141219,0.010280557,0.0043,0
20141222,0.016487358,0.0037,0
20141223,0.010908813,0.0021,0
20141224,-0.003439543,0.0007,0
20141226,0.009956004,0.0039,0
20141229,-0.006928667,0.0013,0
20141230,0.000170171,-0.0048,0
20141231,-0.00758077,-0.0093,0
20150102,-0.003028802,-0.0012,0
20150105,-0.020845673,-0.0184,0
20150106,-0.023162783,-0.0104,0
20150107,-0.001717973,0.0119,0
20150108,0.003141697,0.0181,0
20150109,-0.01294634,-0.0085,0
20150112,-0.00729573,-0.0079,0
20150113,0.007369707,-0.0019,0
20150114,0.009457985,-0.006,0
20150115,0.001841842,-0.0108,0
20150116,0.012529475,0.0136,0
20150120,-0.00232884,0.0011,0
20150121,0.021977805,0.0042,0
20150122,0.031570593,0.0158,0
20150123,0.010395361,-0.0047,0
20150126,-0.008784148,0.0043,0
20150127,-0.030970135,-0.0121,0
20150128,-0.01664701,-0.0139,0
20150129,0.00129768,0.0098,0
20150130,0.046734477,-0.013,0
20150202,-0.011312047,0.0125,0
20150203,0.001442043,0.0149,0
20150204,-0.012239717,-0.0035,0
20150205,0.009226402,0.011,0
20150206,0.006481165,-0.002,0
20150209,-0.005967331,-0.0046,0
20150210,0.017249568,0.0105,0
20150211,-0.001811493,0.0003,0
20150212,0.012984097,0.01,0
20150213,0.011210845,0.0047,0
20150217,-0.011250936,0.0017,0
20150218,-0.005781842,0.0003,0
20150219,0.005871205,-0.0001,0
20150220,-0.007222284,0.0061,0
20150223,-0.013061194,-0.0008,0
20150224,0.00786125,0.0032,0
20150225,0.014514983,0.0002,0
20150226,0.021350345,-0.0008,0
20150227,0.005253087,-0.0036,0
20150302,0.023183149,0.0062,0
20150303,0.004019095,-0.0043,0
20150304,-0.00047197,-0.0041,0
20150305,0.003427772,0.0015,0
20150306,-0.013298243,-0.0129,0
20150309,0.002048999,0.0037,0
20150310,-0.024326182,-0.0163,0
20150311,-0.00690166,-0.0004,0
20150312,0.007859261,0.0128,0
20150313,-0.014747559,-0.0057,0
20150316,0.013136199,0.0123,0
20150317,-0.006618565,-0.002,0
20150318,0.015728251,0.0108,0
20150319,-0.002706239,-0.0036,0
20150320,0.004259066,0.0081,0
20150323,-0.002773652,-0.0019,0
20150324,0.020366782,-0.0051,0
20150325,-0.019995428,-0.0156,0
20150326,-0.006478125,-0.0022,0
20150327,-0.01230019,0.0032,0
20150330,0.006729574,0.0124,0
20150331,-0.007302187,-0.0075,0
20150401,-0.009935956,-0.0038,0
20150402,-0.01295581,0.0035,0
20150406,0.002321836,0.0061,0
20150407,0.000467028,-0.0022,0
20150408,0.008551956,0.0037,0
20150409,-0.001536667,0.0041,0
20150410,-0.001427777,0.0049,0
20150413,-0.001559802,-0.0038,0
20150414,-0.016273317,0.0011,0
20150415,0.004026922,0.0057,0
20150416,0.002391398,-0.0008,0
20150417,-0.018259007,-0.0123,0
20150420,0.021602694,0.0095,0
20150421,-0.002622165,-0.001,0
20150422,0.010103097,0.0046,0
20150423,0.014147874,0.0029,0
20150424,0.033015582,0.0017,0
20150427,-0.014445174,-0.0054,0
20150428,-0.003043016,0.0027,0
20150429,-0.008308048,-0.0038,0
20150430,-0.021381219,-0.0111,0
20150501,0.001042171,0.0101,0
20150504,0.005354155,0.0032,0
20150505,-0.018454825,-0.0119,0
20150506,-0.012396383,-0.0031,0
20150507,0.012361222,0.0039,0
20150508,0.014169964,0.0121,0
20150511,-0.0046821,-0.0039,0
20150512,-0.012432332,-0.0027,0
20150513,0.001096325,0.0001,0
20150514,0.016577924,0.0101,0
20150515,-0.008450966,0.0005,0
20150518,-0.002903437,0.0044,0
20150519,0.009505918,-0.0009,0
20150520,0.003554414,-0.0005,0
20150521,0.006008122,0.0023,0
20150522,-0.004423882,-0.0022,0
20150526,-0.014422988,-0.0101,0
20150527,0.014032913,0.0093,0
20150528,-1.85E-05,-0.0012,0
20150529,-0.014209493,-0.0058,0
20150601,0.003533104,0.0017,0
20150602,0.009719283,-0.0002,0
20150603,0.002095775,0.0039,0
20150604,-0.00668135,-0.0088,0
20150605,-0.006279113,0.0006,0
20150608,-0.012187576,-0.0066,0
20150609,-0.00026574,0.0002,0
20150610,0.018986501,0.012,0
20150611,-0.003875608,0.0021,0
20150612,-0.004264791,-0.0064,0
20150615,-0.009636879,-0.0045,0
20150616,0.001801973,0.0057,0
20150617,0.002101676,0.0016,0
20150618,0.014114046,0.0099,0
20150619,-7.45E-05,-0.0043,0
20150622,0.00279491,0.0063,0
20150623,0.004255003,0.0012,0
20150624,-0.004884547,-0.0079,0
20150625,-0.004852744,-0.0025,0
20150626,-0.006613979,-0.0006,0
20150629,-0.019127687,-0.0215,0
20150630,-0.001936647,0.0034,0
20150701,0.002555186,0.006,0
20150702,0.002989422,-0.0011,0
20150706,-0.001031716,-0.0037,0
20150707,0.004131125,0.0053,0
20150708,-0.015599406,-0.0168,0
20150709,0.007449258,0.0029,0
20150710,0.018149343,0.0124,0
20150713,0.030973535,0.0114,0
20150714,0.026621535,0.0047,0
20150715,-0.001568348,-0.0019,0
20150716,0.035039806,0.0078,0
20150717,0.160524274,0.0005,0
20150720,-0.014726643,-0.0001,0
20150721,-0.00108594,-0.0047,0
20150722,-0.000301978,-0.0018,0
20150723,-0.026914363,-0.006,0
20150724,-0.03215993,-0.0108,0
20150727,0.005933671,-0.0074,0
20150728,0.001179734,0.0123,0
20150729,0.006257962,0.0074,0
20150730,0.001044419,0.0012,0
20150731,-0.011034003,-0.0015,0
20150803,0.008951264,-0.0035,0
20150804,-0.003105147,-0.0014,0
20150805,0.023090981,0.0036,0
20150806,-0.001708658,-0.0088,0
20150807,-0.011483164,-0.0036,0
20150810,-0.002471273,0.0131,0
20150811,0.042683793,-0.0098,0
20150812,-0.001846303,0.0007,0
20150813,-0.004715265,-0.0014,0
20150814,0.001020641,0.0043,0
20150817,0.00570672,0.006,0
20150818,-0.007172364,-0.0035,0
20150819,0.007269901,-0.0085,0
20150820,-0.021289151,-0.0224,0
20150821,-0.053105144,-0.0295,0
20150824,-0.037339995,-0.039,0
20150825,-0.012805075,-0.0117,0
20150826,0.079991753,0.0368,0
20150827,0.014301168,0.024,0
20150828,-0.01133922,0.0023,0
20150831,-0.019242362,-0.0074,0
20150901,-0.033093409,-0.0291,0
20150902,0.027685308,0.0181,0
20150903,-0.013168604,0.0017,0
20150904,-0.009154639,-0.0139,0
20150908,0.023239554,0.0252,0
20150909,-0.003156216,-0.0134,0
20150910,0.014084737,0.0049,0
20150911,0.007113543,0.0044,0
20150914,-0.004043019,-0.0041,0
20150915,0.019093768,0.0122,0
20150916,0.001322543,0.0084,0
20150917,0.010880845,-0.0017,0
20150918,-0.021231918,-0.0162,0
20150921,0.009837108,0.0036,0
20150922,-0.020064837,-0.0129,0
20150923,-0.000529959,-0.0027,0
20150924,0.005527348,-0.0036,0
20150925,-0.022099712,-0.0022,0
20150928,-0.027909865,-0.0263,0
20150929,0.000134479,-0.0007,0
20150930,0.022606182,0.0188,0
20151001,0.004717136,0.0013,0
20151002,0.02555252,0.0149,0
20151005,0.023225024,0.0193,0
20151006,0.00618891,-0.0043,0
20151007,-0.004771939,0.0094,0
20151008,-0.00498163,0.0084,0
20151009,0.006962263,0.0012,0
20151012,0.004754432,0.0006,0
20151013,0.008706141,-0.0074,0
20151014,-0.001747662,-0.006,0
20151015,0.016247927,0.0156,0
20151016,0.000695137,0.0036,0
20151019,0.005889459,0,0
20151020,-0.023750188,-0.0015,0
20151021,-0.011794919,-0.0074,0
20151022,0.014285492,0.015,0
20151023,0.077034014,0.0109,0
20151026,0.015356125,-0.002,0
20151027,-0.006018687,-0.0042,0
20151028,0.006295078,0.0143,0
20151029,0.005568413,-0.002,0
20151030,-0.008522569,-0.0042,0
20151102,0.014490511,0.0125,0
20151103,0.001456089,0.0032,0
20151104,0.008239171,-0.0026,0
20151105,0.004312535,-0.0008,0
20151106,0.003432479,0.0014,0
20151109,-0.012088421,-0.0095,0
20151110,0.004731752,0.0013,0
20151111,0.009721002,-0.0043,0
20151112,-0.005670383,-0.0145,0
20151113,-0.019460361,-0.0107,0
20151116,0.016680614,0.0139,0
20151117,-0.005020852,-0.0011,0
20151118,0.020267476,0.0161,0
20151119,-0.002148649,-0.0013,0
20151120,0.024634011,0.0035,0
20151123,-0.000819455,-0.0001,0
20151124,-0.010185455,0.0021,0
20151125,-0.000173732,0.0009,0
20151127,0.00282029,0.0009,0
20151130,-0.010209794,-0.0047,0
20151201,0.032911392,0.0097,0
20151202,-0.006075302,-0.0101,0
20151203,-0.012906949,-0.015,0
20151204,0.018962447,0.0187,0
20151207,-0.00464261,-0.0084,0
20151208,-0.001152964,-0.0059,0
20151209,-0.014113882,-0.0083,0
20151210,-0.002860526,0.003,0
20151211,-0.014130174,-0.0203,0
20151214,0.012045421,0.0029,0
20151215,-0.005844043,0.011,0
20151216,0.01976056,0.0147,0
20151217,-0.011423446,-0.0146,0
20151218,-0.013503596,-0.017,0
20151221,0.011443102,0.0074,0
20151222,0.0029822,0.0089,0
20151223,0.000413333,0.013,0
20151224,-0.002545614,-0.0011,0
20151228,0.018853554,-0.0028,0
20151229,0.018478446,0.0105,0
20151230,-0.007210919,-0.0074,0
20151231,-0.015719844,-0.0092,0
20160104,-0.022454143,-0.0159,0
20160105,0.00099752,0.0012,0
20160106,0.001400523,-0.0135,0
20160107,-0.023170437,-0.0244,0
20160108,-0.016409918,-0.0111,0
20160111,0.002183437,-0.0006,0
20160112,0.014021759,0.0072,0
20160113,-0.035134353,-0.0267,0
20160114,0.020212402,0.0165,0
20160115,-0.028360757,-0.0214,0
20160119,0.010569515,-0.002,0
20160120,-0.004759258,-0.0094,0
20160121,0.011654378,0.0045,0
20160122,0.026408525,0.0208,0
20160125,-0.018724578,-0.0171,0
20160126,0.00192505,0.0152,0
20160127,-0.018301919,-0.0111,0
20160128,0.044243489,0.0049,0
20160129,0.016403086,0.0257,0
20160201,0.01218117,-0.0004,0.00001
20160202,0.016821809,-0.02,0.00001
20160203,-0.049303603,0.0046,0.00001
20160204,-0.026054061,0.0027,0.00001
20160205,-0.034519286,-0.0206,0.00001
20160208,-0.001214214,-0.0151,0.00001
20160209,-0.006781498,-0.0009,0.00001
20160210,0.008862869,0.0001,0.00001
20160211,-0.001476349,-0.0117,0.00001
20160212,-0.001039364,0.0198,0.00001
20160216,0.012602579,0.0178,0.00001
20160217,0.025180897,0.0175,0.00001
20160218,-0.015598532,-0.0051,0.00001
20160219,0.005105041,0.0006,0.00001
20160222,0.007918278,0.0143,0.00001
20160223,-0.015018543,-0.0122,0.00001
20160224,0.005331609,0.0053,0.00001
20160225,0.008848419,0.011,0.00001
20160226,-0.000963514,-0.0001,0.00001
20160229,-0.010353582,-0.0069,0.00001
20160301,0.030153202,0.0234,0.00001
20160302,5.56E-05,0.0054,0.00001
20160303,-0.008944842,0.0051,0.00001
20160304,-0.00214761,0.0037,0.00001
20160307,-0.022127193,0.0021,0.00001
20160308,-0.001711836,-0.0127,0.00001
20160309,0.016239895,0.005,0.00001
20160310,0.010748114,-0.0011,0.00001
20160311,0.019640302,0.0169,0.00001
20160314,0.005049393,-0.0012,0.00001
20160315,-0.002956919,-0.0036,0.00001
20160316,0.010654511,0.0063,0.00001
20160317,0.002295915,0.0072,0.00001
20160318,-0.000243975,0.0054,0.00001
20160321,0.00608731,0.001,0.00001
20160322,-0.001805711,-0.0005,0.00001
20160323,-0.003631455,-0.0086,0.00001
20160324,-0.003739533,0,0.00001
20160328,-0.002407181,0.0004,0.00001
20160329,0.015323163,0.0107,0.00001
20160330,0.007733931,0.0041,0.00001
20160331,-0.007434746,-0.0011,0.00001
20160401,0.006658165,0.0064,0
20160404,-0.006160739,-0.0041,0
20160405,-0.010049779,-0.0094,0
20160406,0.010693955,0.0114,0
20160407,-0.007255026,-0.0123,0
20160408,-0.001526449,0.0029,0
20160411,-0.004126361,-0.0028,0
20160412,0.009495992,0.0099,0
20160413,0.011613667,0.0123,0
20160414,0.001968818,0.0003,0
20160415,0.007700478,-0.0004,0
20160418,0.01002635,0.0065,0
20160419,-0.016540353,0.0029,0
20160420,-0.001671243,0.0015,0
20160421,0.008596065,-0.0047,0
20160422,-0.053178597,0.0012,0
20160425,0.006093743,-0.0024,0
20160426,-0.020756413,0.0029,0
20160427,-0.003247945,0.0021,0
20160428,-0.02099626,-0.0096,0
20160429,0.002879801,-0.005,0
20160502,0.007503499,0.0079,0.00001
20160503,-0.008378568,-0.0105,0.00001
20160504,0.00482408,-0.0066,0.00001
20160505,0.008236309,-0.0008,0.00001
20160506,0.013814636,0.0038,0.00001
20160509,0.002503094,0.0005,0.00001
20160510,0.014419975,0.0126,0.00001
20160511,-0.010910147,-0.0089,0.00001
20160512,-0.002768108,-0.0011,0.00001
20160513,-0.003476749,-0.0082,0.00001
20160516,0.007962523,0.0099,0.00001
20160517,-0.014319809,-0.0095,0.00001
20160518,0.000566388,0.001,0.00001
20160519,-0.008929709,-0.0033,0.00001
20160520,0.013450994,0.0075,0.00001
20160523,-0.007749317,-0.0018,0.00001
20160524,0.022506532,0.0143,0.00001
20160525,0.007193545,0.0072,0.00001
20160526,-0.001585616,-0.0004,0.00001
20160527,0.011793625,0.0049,0.00001
20160531,0.004176562,-0.0001,0.00001
20160601,-0.002133964,0.002,0.00001
20160602,-0.005107948,0.0035,0.00001
20160603,-0.011035049,-0.0038,0.00001
20160606,-0.008015616,0.006,0.00001
20160607,0.000139558,0.0012,0.00001
20160608,0.016228284,0.0037,0.00001
20160609,0.000411929,-0.0027,0.00001
20160610,-0.012586126,-0.0105,0.00001
20160613,-0.001459529,-0.0084,0.00001
20160614,-0.000125285,-0.0019,0.00001
20160615,0.000904952,-0.0011,0.00001
20160616,-0.011906749,0.0024,0.00001
20160617,-0.026240216,-0.003,0.00001
20160620,0.002876887,0.0071,0.00001
20160621,0.0032146,0.0021,0.00001
20160622,0.002184096,-0.002,0.00001
20160623,0.006322943,0.0145,0.00001
20160624,-0.037969994,-0.037,0.00001
20160627,-0.010307752,-0.0207,0.00001
20160628,0.017627869,0.0176,0.00001
20160629,0.005984942,0.018,0.00001
20160630,0.011679408,0.0142,0.00001
20160701,0.010273082,0.0024,0.00001
20160705,-0.006750476,-0.0085,0.00001
20160706,0.00472289,0.0062,0.00001
20160707,-0.00345386,0.0002,0.00001
20160708,0.014769328,0.016,0.00001
20160711,0.013406459,0.0043,0.00001
20160712,0.007761261,0.0075,0.00001
20160713,-0.005078819,-0.0005,0.00001
20160714,0.005537114,0.0051,0.00001
20160715,-0.001525765,-0.0005,0.00001
20160718,0.019351254,0.0025,0.00001
20160719,0.004333724,-0.0022,0.00001
20160720,0.005739796,0.0048,0.00001
20160721,-0.003453905,-0.0038,0.00001
20160722,0.005564356,0.0048,0.00001
20160725,-0.003998707,-0.0027,0.00001
20160726,-0.001824892,0.0013,0.00001
20160727,0.004536714,-0.0014,0.00001
20160728,0.005581245,0.0018,0.00001
20160729,0.030673942,0.0017,0.00001
20160801,0.005320048,-0.0016,0.00001
20160802,-0.00234189,-0.007,0.00001
20160803,0.002736457,0.0045,0.00001
20160804,-0.002030575,0.0005,0.00001
20160805,0.01375047,0.0093,0.00001
20160808,-0.00058807,-0.0006,0.00001
20160809,0.003197912,0.0005,0.00001
20160810,0.000535537,-0.0029,0.00001
20160811,0.000216649,0.0054,0.00001
20160812,-0.00207683,-0.0006,0.00001
20160815,-0.000995889,0.0039,0.00001
20160816,-0.006773682,-0.0057,0.00001
20160817,0.003564351,0.0012,0.00001
20160818,-0.0030901,0.0032,0.00001
20160819,-0.002675241,-0.0011,0.00001
20160822,-0.004217069,-0.0002,0.00001
20160823,-9.07E-05,0.0027,0.00001
20160824,-0.003160294,-0.0056,0.00001
20160825,-0.000298841,-0.0008,0.00001
20160826,0.000168961,-0.0015,0.00001
20160829,0.003391637,0.0053,0.00001
20160830,-0.003962961,-0.0014,0.00001
20160831,-0.002652485,-0.0024,0.00001
20160901,0.002255394,0.0003,0.00001
20160902,0.003486043,0.0053,0.00001
20160906,0.011173619,0.0026,0.00001
20160907,0.000346118,0.0009,0.00001
20160908,-0.006445826,-0.0018,0.00001
20160909,-0.020198112,-0.0247,0.00001
20160912,0.012321302,0.0144,0.00001
20160913,-0.012132324,-0.0148,0.00001
20160914,0.003685714,-0.0008,0.00001
20160915,0.012157536,0.0107,0.00001
20160916,-0.00373173,-0.0036,0.00001
20160919,-0.004135886,0.0005,0.00001
20160920,0.007457229,-0.0002,0.00001
20160921,0.006235335,0.0112,0.00001
20160922,0.014158357,0.007,0.00001
20160923,-0.000393796,-0.006,0.00001
20160926,-0.016126573,-0.0088,0.00001
20160927,0.011366425,0.0064,0.00001
20160928,-0.001851828,0.0056,0.00001
20160929,-0.008380675,-0.0098,0.00001
20160930,0.002941898,0.0088,0.00001
20161003,-0.006085245,-0.0026,0.00001
20161004,0.00500932,-0.0046,0.00001
20161005,5.15E-05,0.0058,0.00001
20161006,0.000502273,-0.0006,0.00001
20161007,-0.002291275,-0.0038,0.00001
20161010,0.014011457,0.0052,0.00001
20161011,-0.003651678,-0.013,0.00001
20161012,0.003920467,0.0006,0.00001
20161013,-0.010112703,-0.0042,0.00001
20161014,0.000436911,0.0001,0.00001
20161017,0.001836795,-0.0029,0.00001
20161018,0.019616391,0.006,0.00001
20161019,0.007921937,0.0025,0.00001
20161020,-0.005726334,-0.0016,0.00001
20161021,0.003011406,0.0002,0.00001
20161024,0.017188536,0.0054,0.00001
20161025,-0.006690362,-0.0046,0.00001
20161026,-0.010647913,-0.0023,0.00001
20161027,-0.004655412,-0.0033,0.00001
20161028,2.51E-05,-0.0029,0.00001
20161031,-0.013616304,0.0002,0.00001
20161101,-0.001185408,-0.0068,0.00001
20161102,-0.019027322,-0.0073,0.00001
20161103,-0.008546897,-0.004,0.00001
20161104,-0.000144332,-0.0012,0.00001
20161107,0.026902181,0.0223,0.00001
20161108,0.010210602,0.004,0.00001
20161109,-0.006578032,0.0146,0.00001
20161110,-0.028969452,0.0032,0.00001
20161111,-0.011199119,0.0018,0.00001
20161114,-0.023792472,0.0021,0.00001
20161115,0.03044506,0.008,0.00001
20161116,0.00789727,-0.0012,0.00001
20161117,0.008829531,0.0056,0.00001
20161118,-0.013860975,-0.0016,0.00001
20161121,0.011386646,0.0077,0.00001
20161122,-0.001209048,0.0031,0.00001
20161123,-0.009475835,0.0016,0.00001
20161125,0.000906714,0.004,0.00001
20161128,0.008612541,-0.0064,0.00001
20161129,0.003384359,0.0011,0.00001
20161130,-0.016605262,-0.0025,0.00001
20161201,-0.013350219,-0.0036,0.00001
20161202,0.003449567,0,0.00001
20161205,0.016015989,0.0075,0.00001
20161206,-0.004472014,0.0048,0.00001
20161207,0.015913372,0.0126,0.00001
20161208,0.006781727,0.0036,0.00001
20161209,0.01657608,0.0046,0.00001
20161212,-2.53E-05,-0.003,0.00001
20161213,0.008653566,0.006,0.00001
20161214,0.00121844,-0.0082,0.00001
20161215,0.000978584,0.0046,0.00001
20161216,-0.008836247,-0.0022,0.00001
20161219,0.004299444,0.0022,0.00001
20161220,0.002795266,0.0044,0.00001
20161221,-0.002335451,-0.0024,0.00001
20161222,-0.004153242,-0.003,0.00001
20161223,-0.00170614,0.0019,0.00001
20161227,0.002076186,0.0027,0.00001
20161228,-0.008211736,-0.0087,0.00001
20161229,-0.002878798,-0.0004,0.00001
20161230,-0.014013976,-0.0052,0.00001
20170103,0.018553549,0.0083,0.00002
20170104,0.000966749,0.0079,0.00002
20170105,0.009048164,-0.0021,0.00002
20170106,0.015276693,0.0029,0.00002
20170109,0.000620232,-0.0037,0.00002
20170110,-0.002305833,0.0016,0.00002
20170111,0.003876788,0.0031,0.00002
20170112,-0.001918531,-0.003,0.00002
20170113,0.001885014,0.0029,0.00002
20170117,-0.004047631,-0.0049,0.00002
20170118,0.001814544,0.0024,0.00002
20170119,-0.004825884,-0.0038,0.00002
20170120,0.003540353,0.0033,0.00002
20170123,0.017751112,-0.0029,0.00002
20170124,0.005565659,0.0083,0.00002
20170125,0.014322648,0.0084,0.00002
20170126,-0.004212189,-0.001,0.00002
20170127,-0.010623085,-0.0012,0.00002
20170130,-0.02549465,-0.0068,0.00002
20170131,-0.006892512,0,0.00002
20170201,-0.001367989,0.0004,0.00002
20170202,0.003556617,-0.0002,0.00002
20170203,0.003706811,0.0082,0.00002
20170206,-0.000187151,-0.0027,0.00002
20170207,0.007025732,-0.0001,0.00002
20170208,0.001747277,0.0006,0.00002
20170209,0.00145971,0.0072,0.00002
20170210,0.005076832,0.0038,0.00002
20170213,0.006845527,0.0049,0.00002
20170214,0.001476979,0.0045,0.00002
20170215,-0.0017917,0.0054,0.00002
20170216,0.006324941,-0.0016,0.00002
20170217,0.004744224,0.002,0.00002
20170221,0.004335382,0.006,0.00002
20170222,-0.001082173,-0.0015,0.00002
20170223,0.000686119,-0.0011,0.00002
20170224,-0.003235779,0.0015,0.00002
20170227,0.00077235,0.0022,0.00002
20170228,-0.007319603,-0.0042,0.00002
20170301,0.014613525,0.0147,0.00001
20170302,-0.005519372,-0.007,0.00001
20170303,-0.001866053,0.0009,0.00001
20170306,-0.001568003,-0.0038,0.00001
20170307,0.004989248,-0.0036,0.00001
20170308,0.004159104,-0.0019,0.00001
20170309,0.003962316,0.0004,0.00001
20170310,0.005449039,0.0034,0.00001
20170313,0.002715683,0.0013,0.00001
20170314,9.46E-05,-0.0036,0.00001
20170315,0.001868452,0.0086,0.00001
20170316,0.001864967,-0.0006,0.00001
20170317,0.00393506,-0.0008,0.00001
20170320,-0.004365582,-0.0025,0.00001
20170321,-0.021145686,-0.0148,0.00001
20170322,-0.001047612,0.0016,0.00001
20170323,-0.014477031,-0.0003,0.00001
20170324,-0.003852834,-0.0005,0.00001
20170327,0.006237491,-0.0005,0.00001
20170328,0.00172054,0.0072,0.00001
20170329,0.012778346,0.0018,0.00001
20170330,0.00010825,0.0036,0.00001
20170331,-0.002333133,-0.0016,0.00001
20170403,0.01083707,-0.0028,0.00003
20170404,-0.004746288,0.0005,0.00003
20170405,-0.003786381,-0.0044,0.00003
20170406,-0.004245799,0.0032,0.00003
20170407,-0.003877374,-0.0008,0.00003
20170410,7.28E-05,0.0008,0.00003
20170411,-0.001673275,-0.0005,0.00003
20170412,0.001178114,-0.0049,0.00003
20170413,-0.000921972,-0.0075,0.00003
20170417,0.016525815,0.0089,0.00003
20170418,-0.000418075,-0.0025,0.00003
20170419,0.00166105,-0.0008,0.00003
20170420,0.004103983,0.0083,0.00003
20170421,0.001829739,-0.0028,0.00003
20170424,0.023209478,0.0118,0.00003
20170425,0.011057536,0.0066,0.00003
20170426,-0.000653445,0.0004,0.00003
20170427,0.002890803,0.0005,0.00003
20170428,0.03627109,-0.003,0.00003
20170501,0.007296128,0.0021,0.00003
20170502,0.004240771,0.0003,0.00003
20170503,0.011566496,-0.0019,0.00003
20170504,0.004983604,0.0002,0.00003
20170505,-0.004862289,0.0046,0.00003
20170508,0.007733543,-0.0004,0.00003
20170509,-0.002279782,-0.0005,0.00003
20170510,-0.003636676,0.0021,0.00003
20170511,0.00195956,-0.0026,0.00003
20170512,0.001740812,-0.0018,0.00003
20170515,0.005213362,0.0053,0.00003
20170516,0.006317497,-0.0003,0.00003
20170517,-0.024793213,-0.0197,0.00003
20170518,0.011548248,0.004,0.00003
20170519,0.004052718,0.007,0.00003
20170522,0.008404621,0.0056,0.00003
20170523,0.007389633,0.0018,0.00003
20170524,0.006471196,0.0024,0.00003
20170525,0.015267655,0.0042,0.00003
20170526,0.001990635,0.0006,0.00003
20170530,0.004539512,-0.0019,0.00003
20170531,-0.011292372,-0.0002,0.00003
20170601,0.002166117,0.0095,0.00003
20170602,0.008945654,0.0035,0.00003
20170605,0.008282083,-0.0017,0.00003
20170606,-0.00722796,-0.0028,0.00003
20170607,0.004618205,0.0015,0.00003
20170608,0.002374934,0.0018,0.00003
20170609,-0.03414649,-0.0012,0.00003
20170612,-0.007296042,-0.0011,0.00003
20170613,0.011135857,0.0055,0.00003
20170614,-0.002769037,-0.0017,0.00003
20170615,-0.008887627,-0.003,0.00003
20170616,-0.002684891,-0.0003,0.00003
20170619,0.018717147,0.0086,0.00003
20170620,-0.00704012,-0.0073,0.00003
20170621,0.009278058,-0.0007,0.00003
20170622,-0.002459743,0.0002,0.00003
20170623,0.008881087,0.0024,0.00003
20170626,-0.013794675,0.0004,0.00003
20170627,-0.026190051,-0.0085,0.00003
20170628,0.01419128,0.0102,0.00003
20170629,-0.024136354,-0.0083,0.00003
20170630,-0.009871539,0.0014,0.00003
20170703,-0.011037382,0.0024,0.00004
20170705,0.014476466,0.0012,0.00004
20170706,-0.005506137,-0.0095,0.00004
20170707,0.013124662,0.007,0.00004
20170710,0.011114861,0.0005,0.00004
20170711,0.001388889,0,0.00004
20170712,0.014772764,0.0072,0.00004
20170713,0.003528178,0.0017,0.00004
20170714,0.009322607,0.0042,0.00004
20170717,-0.002688313,0,0.00004
20170718,0.012565291,0.0004,0.00004
20170719,0.005686762,0.0059,0.00004
20170720,-0.002822153,-0.0001,0.00004
20170721,0.004926922,-0.0008,0.00004
20170724,0.007626526,-0.0003,0.00004
20170725,-0.030234408,0.0038,0.00004
20170726,-0.003050384,-0.0006,0.00004
20170727,-0.014465077,-0.0014,0.00004
20170728,0.007964971,-0.0017,0.00004
20170731,-0.011714975,-0.0011,0.00004
20170801,0.000354648,0.0024,0.00004
20170802,-0.000472696,-0.0008,0.00004
20170803,-0.007244274,-0.0021,0.00004
20170804,0.00466627,0.0025,0.00004
20170807,0.001508686,0.0016,0.00004
20170808,-0.002765344,-0.0024,0.00004
20170809,-0.004197283,-0.0014,0.00004
20170810,-0.016968252,-0.0149,0.00004
20170811,0.007881046,0.002,0.00004
20170814,0.009055217,0.0103,0.00004
20170815,-0.000487715,-0.0011,0.00004
20170816,0.005139771,0.0018,0.00004
20170817,-0.017239147,-0.0159,0.00004
20170818,-0.000340293,-0.0015,0.00004
20170821,-0.004403351,0.0006,0.00004
20170822,0.019886176,0.0107,0.00004
20170823,0.002498135,-0.0032,0.00004
20170824,-0.006170442,-0.0014,0.00004
20170825,-0.005850556,0.0018,0.00004
20170828,-0.002271015,0.0008,0.00004
20170829,0.008185509,0.001,0.00004
20170830,0.008987398,0.0053,0.00004
20170831,0.010499478,0.0062,0.00004
20170901,-0.002118531,0.0027,0.00005
20170905,-0.009484285,-0.0081,0.00005
20170906,-0.000689321,0.0028,0.00005
20170907,0.008773348,-0.0007,0.00005
20170908,-0.010096693,-0.0016,0.00005
20170911,0.002784674,0.0108,0.00005
20170912,0.003218237,0.0044,0.00005
20170913,0.0032401,0.0011,0.00005
20170914,-0.010672769,-0.0012,0.00005
20170915,-0.005210191,0.0019,0.00005
20170918,-0.005748188,0.0024,0.00005
20170919,0.007442623,0.0015,0.00005
20170920,0.010598713,0.0016,0.00005
20170921,0.000933897,-0.0028,0.00005
20170922,-0.004203979,0.0012,0.00005
20170925,-0.008141902,-0.0025,0.00005
20170926,0.004223808,0.0005,0.00005
20170927,0.021224834,0.0063,0.00005
20170928,0.00530445,0.0013,0.00005
20170929,0.010121116,0.0035,0.00005
20171002,-0.006088978,0.005,0.00004
20171003,0.004741574,0.0026,0.00004
20171004,-0.006379269,0.0005,0.00004
20171005,0.019208137,0.0055,0.00004
20171006,0.009206565,-0.0008,0.00004
20171009,-0.001930758,-0.0022,0.00004
20171010,-0.004503582,0.0024,0.00004
20171011,0.017119062,0.0016,0.00004
20171012,-0.001435431,-0.0018,0.00004
20171013,0.001872792,0.0004,0.00004
20171016,0.002344192,0.0017,0.00004
20171017,0.000181452,0.0001,0.00004
20171018,0.000634965,0.0014,0.00004
20171019,-0.008420544,0.0002,0.00004
20171020,0.003809234,0.0057,0.00004
20171023,-0.019985833,-0.0045,0.00004
20171024,0.002158088,0.002,0.00004
20171025,0.002874688,-0.0051,0.00004
20171026,-0.000791099,0.002,0.00004
20171027,0.048027885,0.0082,0.00004
20171030,-0.002119164,-0.0046,0.00004
20171031,-0.000462094,0.0023,0.00004
20171101,0.008714983,0.0005,0.00004
20171102,7.80E-05,0.0006,0.00004
20171103,0.0067279,0.0031,0.00004
20171106,-0.006373005,0.0006,0.00004
20171107,0.007242421,-0.002,0.00004
20171108,0.006309698,0.0012,0.00004
20171109,-0.008260807,-0.0041,0.00004
20171110,-0.003093303,0.0001,0.00004
20171113,-0.002256656,0.0009,0.00004
20171114,0.000243724,-0.0022,0.00004
20171115,-0.004961014,-0.0052,0.00004
20171116,0.011352617,0.0101,0.00004
20171117,-0.012987893,-0.0014,0.00004
20171120,-0.0006967,0.0021,0.00004
20171121,0.015819242,0.0067,0.00004
20171122,0.00142099,-0.0005,0.00004
20171124,0.00448859,0.0021,0.00004
20171127,0.013069257,-0.0006,0.00004
20171128,-0.006450328,0.0106,0.00004
20171129,-0.024584451,0.0002,0.00004
20171130,-0.0002447,0.0082,0.00004
20171201,-0.011004396,-0.0022,0.00004
20171204,-0.011374323,-0.001,0.00004
20171205,0.006478552,-0.0043,0.00004
20171206,0.013162215,-0.0009,0.00004
20171207,0.012323494,0.0042,0.00004
20171208,0.005936388,0.0051,0.00004
20171211,0.003905308,0.0026,0.00004
20171212,-0.000595524,0.0007,0.00004
20171213,0.000124942,0.0002,0.00004
20171214,0.008206725,-0.0047,0.00004
20171215,0.014335414,0.0092,0.00004
20171218,0.01216888,0.0067,0.00004
20171219,-0.005997363,-0.003,0.00004
20171220,-0.005351739,0.0001,0.00004
20171221,-0.001239495,0.0024,0.00004
20171222,-0.00330002,-0.0007,0.00004
20171226,-0.003188318,-0.0007,0.00004
20171227,-0.006974279,0.0005,0.00004
20171228,-0.001172132,0.0022,0.00004
20171229,-0.001660084,-0.0057,0.00004
20180102,0.017775229,0.0085,0.00005
20180103,0.016413146,0.0059,0.00005
20180104,0.003621314,0.0042,0.00005
20180105,0.01457106,0.0066,0.00005
20180108,0.004273155,0.0019,0.00005
20180109,-0.000614306,0.0015,0.00005
20180110,-0.003299405,-0.0007,0.00005
20180111,0.002639192,0.0087,0.00005
20180112,0.015142196,0.0066,0.00005
20180116,-0.00044553,-0.0049,0.00005
20180117,0.009110683,0.0095,0.00005
20180118,-0.001934663,-0.0018,0.00005
20180119,0.006833128,0.0057,0.00005
20180122,0.016087771,0.0077,0.00005
20180123,0.012251149,0.0022,0.00005
20180124,-0.004897561,-0.0013,0.00005
20180125,0.005265237,0.0007,0.00005
20180126,0.004673736,0.0111,0.00005
20180129,-0.000221119,-0.0062,0.00005
20180130,-0.010114156,-0.0106,0.00005
20180131,0.005370846,-0.0007,0.00005
20180201,-0.001914628,0.0003,0.00006
20180202,-0.047786246,-0.0213,0.00006
20180205,-0.050454178,-0.0403,0.00006
20180206,0.023489297,0.0167,0.00006
20180207,-0.029631686,-0.0037,0.00006
20180208,-0.044879742,-0.0368,0.00006
20180209,0.036204968,0.0136,0.00006
20180212,0.01364451,0.0136,0.00006
20180213,0.0001521,0.0031,0.00006
20180214,0.016728448,0.0152,0.00006
20180215,0.018528559,0.0121,0.00006
20180216,0.004846171,0.0003,0.00006
20180220,0.006996712,-0.0062,0.00006
20180221,0.008054714,-0.0043,0.00006
20180222,-0.004238127,0.0001,0.00006
20180223,0.018217471,0.0154,0.00006
20180226,0.015051607,0.0112,0.00006
20180227,-0.022260109,-0.0125,0.00006
20180228,-0.012125656,-0.011,0.00006
20180301,-0.031872041,-0.0118,0.00006
20180302,0.008788989,0.007,0.00006
20180305,0.011131502,0.0106,0.00006
20180306,0.003785761,0.0036,0.00006
20180307,0.013314339,0.0005,0.00006
20180308,0.01474352,0.0037,0.00006
20180309,0.030230906,0.017,0.00006
20180312,0.003844695,-0.0009,0.00006
20180313,-0.022610562,-0.0067,0.00006
20180314,0.00994579,-0.0053,0.00006
20180315,7.83E-05,-0.0018,0.00006
20180316,-0.012047878,0.0025,0.00006
20180319,-0.03161843,-0.0138,0.00006
20180320,-0.001918496,0.0015,0.00006
20180321,-0.006222044,-0.0006,0.00006
20180322,-0.038317688,-0.0254,0.00006
20180323,-0.026222976,-0.0209,0.00006
20180326,0.030971935,0.0267,0.00006
20180327,-0.045679399,-0.0187,0.00006
20180328,-0.00053726,-0.0035,0.00006
20180329,0.027106395,0.0141,0.00006
20180402,-0.024539877,-0.0229,0.00007
20180403,0.006895387,0.0124,0.00007
20180404,0.011574782,0.0117,0.00007
20180405,0.002604522,0.0075,0.00007
20180406,-0.020208015,-0.0219,0.00007
20180409,0.008351207,0.003,0.00007
20180410,0.01594367,0.0177,0.00007
20180411,-0.011312086,-0.0049,0.00007
20180412,0.012294479,0.0084,0.00007
20180413,-0.003137984,-0.0037,0.00007
20180416,0.008462308,0.0082,0.00007
20180417,0.034856163,0.0109,0.00007
20180418,-0.001936397,0.0013,0.00007
20180419,0.014569808,-0.0049,0.00007
20180420,-0.013551531,-0.0081,0.00007
20180423,-0.005135327,-0.0005,0.00007
20180424,-0.044470467,-0.013,0.00007
20180425,0.001176494,0.001,0.00007
20180426,0.01846883,0.0096,0.00007
20180427,-0.0096054,0.0001,0.00007
20180430,-0.012348915,-0.008,0.00007
20180501,0.019639645,0.0024,0.00006
20180502,-0.012464933,-0.0063,0.00006
20180503,-0.000644292,-0.0025,0.00006
20180504,0.023922557,0.013,0.00006
20180507,0.006277368,0.0042,0.00006
20180508,-0.000834289,0.0007,0.00006
20180509,0.027374254,0.0089,0.00006
20180510,0.013678008,0.0084,0.00006
20180511,0.000628661,0.0019,0.00006
20180514,0.001766431,0.0005,0.00006
20180515,-0.019060171,-0.0055,0.00006
20180516,0.00235353,0.0049,0.00006
20180517,-0.002939627,0.0002,0.00006
20180518,-0.011338878,-0.0023,0.00006
20180521,0.012397314,0.0072,0.00006
20180522,-0.009123919,-0.0042,0.00006
20180523,0.009310761,0.0029,0.00006
20180524,-0.000416786,-0.0016,0.00006
20180525,-0.003317149,-0.0021,0.00006
20180529,-0.014261012,-0.0103,0.00006
20180530,0.007054474,0.0131,0.00006
20180531,0,-0.007,0.00006
20180601,0.048417307,0.0106,0.00006
20180604,0.017677535,0.0048,0.00006
20180605,0.000324764,0.0016,0.00006
20180606,-0.002439324,0.0086,0.00006
20180607,-0.011452396,-0.0014,0.00006
20180608,-0.002660474,0.0031,0.00006
20180611,0.008136537,0.0012,0.00006
20180612,0.00825671,0.0023,0.00006
20180613,-0.003976056,-0.0033,0.00006
20180614,0.015271548,0.0027,0.00006
20180615,0.000121515,-0.0008,0.00006
20180618,0.018398625,-0.0009,0.00006
20180619,-0.004601776,-0.0038,0.00006
20180620,0.001523894,0.0023,0.00006
20180621,-0.01041168,-0.0073,0.00006
20180622,-0.001883109,0.0011,0.00006
20180625,-0.026543082,-0.0148,0.00006
20180626,-0.005645398,0.0027,0.00006
20180627,-0.012946373,-0.0102,0.00006
20180628,0.00927553,0.0058,0.00006
20180629,0.001283409,0.0007,0.00006
20180702,0.010585757,0.0036,0.00008
20180703,-0.021792347,-0.0044,0.00008
20180705,0.019385433,0.0087,0.00008
20180706,0.01414251,0.0088,0.00008
20180709,0.012173623,0.0093,0.00008
20180710,-0.001048481,0.0021,0.00008
20180711,0.000919468,-0.0069,0.00008
20180712,0.025634804,0.0086,0.00008
20180713,0.004512117,0.0008,0.00008
20180716,-0.004172204,-0.0016,0.00008
20180717,0.012619735,0.0048,0.00008
20180718,-0.002435769,0.0027,0.00008
20180719,-0.007458942,-0.0034,0.00008
20180720,-0.001727101,-0.001,0.00008
20180723,0.017376847,0.0015,0.00008
20180724,0.035321443,0.0022,0.00008
20180725,0.012515223,0.0083,0.00008
20180726,0.003663844,-0.002,0.00008
20180727,-0.023519116,-0.0082,0.00008
20180730,-0.015147356,-0.007,0.00008
20180731,-0.00203322,0.0051,0.00008
20180801,0.002259172,-0.0013,0.00007
20180802,0.005032746,0.0067,0.00007
20180803,-0.001989969,0.0031,0.00007
20180806,0.000866218,0.0046,0.00007
20180807,0.014247573,0.0029,0.00007
20180808,0.002728985,-0.0004,0.00007
20180809,0.00280184,-0.0005,0.00007
20180810,-0.009198623,-0.006,0.00007
20180813,-0.002100823,-0.0046,0.00007
20180814,0.005740844,0.0069,0.00007
20180815,-0.022317044,-0.0091,0.00007
20180816,-0.006497143,0.0086,0.00007
20180817,-0.004583544,0.003,0.00007
20180820,0.005670464,0.0025,0.00007
20180821,-0.005092029,0.0033,0.00007
20180822,0.004751918,0.0005,0.00007
20180823,-0.001615134,-0.0019,0.00007
20180824,0.012668204,0.0062,0.00007
20180827,0.017343219,0.0074,0.00007
20180828,-0.008592228,-0.0001,0.00007
20180829,0.014742314,0.0056,0.00007
20180830,-0.008148563,-0.0041,0.00007
20180831,-0.016891019,0.0008,0.00007
20180904,-0.017394659,-0.0011,0.00008
20180905,-0.008788638,-0.0041,0.00008
20180906,-0.012676151,-0.0044,0.00008
20180907,-0.005642628,-0.0018,0.00008
20180910,-0.000163114,0.0023,0.00008
20180911,0.01092183,0.0037,0.00008
20180912,-0.012349664,0.0003,0.00008
20180913,0.010758329,0.0045,0.00008
20180914,-0.00238231,0.0012,0.00008
20180917,-0.014055077,-0.0071,0.00008
20180918,0.004472125,0.0057,0.00008
20180919,0.008499681,0.0006,0.00008
20180920,0.013474626,0.0077,0.00008
20180921,-0.017508236,-0.0013,0.00008
20180924,0.006243086,-0.0031,0.00008
20180925,0.009613336,-0.0005,0.00008
20180926,-0.003511586,-0.004,0.00008
20180927,0.011986548,0.0027,0.00008
20180928,-0.000979375,-0.0003,0.00008
20181001,0.001541723,0.0016,0.00008
20181002,0.004015695,-0.0021,0.00008
20181003,0.00236645,0.002,0.00008
20181004,-0.028895632,-0.0093,0.00008
20181005,-0.009279312,-0.0064,0.00008
20181008,-0.007240679,-0.0017,0.00008
20181009,-0.008833999,-0.0018,0.00008
20181010,-0.050578669,-0.0333,0.00008
20181011,-0.001757274,-0.0196,0.00008
20181012,0.028499426,0.0138,0.00008
20181015,-0.016061905,-0.0048,0.00008
20181016,0.026578164,0.0224,0.00008
20181017,-0.004985374,-0.0008,0.00008
20181018,-0.024845611,-0.0154,0.00008
20181019,0.007803524,-0.0025,0.00008
20181022,0.004286522,-0.0038,0.00008
20181023,0.002297577,-0.0062,0.00008
20181024,-0.048002609,-0.0333,0.00008
20181025,0.04269494,0.0193,0.00008
20181026,-0.021997682,-0.0165,0.00008
20181029,-0.047962145,-0.0077,0.00008
20181030,0.015812485,0.0166,0.00008
20181031,0.039142645,0.0122,0.00008
20181101,-0.006287322,0.0129,0.00008
20181102,-0.011411215,-0.0053,0.00008
20181105,-0.016733,0.004,0.00008
20181106,0.015114077,0.0058,0.00008
20181107,0.035593525,0.0211,0.00008
20181108,-0.010051308,-0.0028,0.00008
20181109,-0.015012934,-0.0104,0.00008
20181112,-0.025812503,-0.0206,0.00008
20181113,-0.002484041,-0.0013,0.00008
20181114,0.007345205,-0.0077,0.00008
20181115,0.020169404,0.0118,0.00008
20181116,-0.003024298,0.0015,0.00008
20181119,-0.039086567,-0.0188,0.00008
20181120,0.005647059,-0.0185,0.00008
20181121,0.01155241,0.0051,0.00008
20181123,-0.013232332,-0.0055,0.00008
20181126,0.024162988,0.0162,0.00008
20181127,-0.0040148,0.0011,0.00008
20181128,0.040041746,0.0242,0.00008
20181129,0.001905674,-0.0022,0.00008
20181130,0.005632638,0.0078,0.00008
20181203,0.010964612,0.0113,0.0001
20181204,-0.050260749,-0.0345,0.0001
20181206,0.017043832,-0.0016,0.0001
20181207,-0.030082434,-0.0236,0.0001
20181210,0.002865191,0.001,0.0001
20181211,0.011735847,-0.0008,0.0001
20181212,0.011343,0.0068,0.0001
20181213,-0.001673436,-0.0026,0.0001
20181214,-0.018645824,-0.0189,0.0001
20181217,-0.024536993,-0.0213,0.0001
20181218,0.011981939,-0.0003,0.0001
20181219,-0.00554092,-0.0158,0.0001
20181220,-0.013294103,-0.0162,0.0001
20181221,-0.029591544,-0.0217,0.0001
20181224,-0.003389346,-0.0255,0.0001
20181226,0.06478048,0.0506,0.0001
20181227,0.004252208,0.0078,0.0001
20181228,-0.006514159,-0.0003,0.0001
20181231,-0.001417441,0.009,0.0001
20190102,0.009887892,0.0023,0.0001
20190103,-0.028484008,-0.0245,0.0001
20190104,0.053786194,0.0355,0.0001
20190107,-0.002166787,0.0094,0.0001
20190108,0.007384944,0.0101,0.0001
20190109,-0.001505185,0.0056,0.0001
20190110,-0.004029181,0.0042,0.0001
20190111,-0.012276588,-0.0001,0.0001
20190114,-0.011823797,-0.006,0.0001
20190115,0.031071418,0.0106,0.0001
20190116,0.003546396,0.0028,0.0001
20190117,0.008261099,0.0075,0.0001
20190118,0.007670428,0.0129,0.0001
20190122,-0.025258136,-0.0153,0.0001
20190123,0.004717334,0.0015,0.0001
20190124,-0.001552665,0.0023,0.0001
20190125,0.015913958,0.009,0.0001
20190128,-0.019166079,-0.008,0.0001
20190129,-0.008840461,-0.0019,0.0001
20190130,0.026814505,0.0151,0.0001
20190131,0.025076672,0.0092,0.0001
20190201,-0.005034173,0.0014,0.0001
20190204,0.019851452,0.0072,0.0001
20190205,0.011643715,0.0043,0.0001
20190206,-0.026841421,-0.0022,0.0001
20190207,-0.014813088,-0.0093,0.0001
20190208,-0.003322078,0.0009,0.0001
20190211,-4.57E-05,0.0014,0.0001
20190212,0.02407284,0.0136,0.0001
20190213,-0.001079037,0.0028,0.0001
20190214,0.001348022,-0.0021,0.0001
20190215,-0.007150053,0.0113,0.0001
20190219,0.004408926,0.0019,0.0001
20190220,-0.004255471,0.0019,0.0001
20190221,-0.015110433,-0.0037,0.0001
20190222,0.012215466,0.0065,0.0001
20190225,-0.000873583,0.0015,0.0001
20190226,0.005164954,-0.0016,0.0001
20190227,0.000825016,0.0009,0.0001
20190228,0.003467587,-0.0031,0.0001
20190301,0.018813844,0.0072,0.00009
20190304,0.005968501,-0.0052,0.00009
20190305,0.01239763,-0.0017,0.00009
20190306,-0.003588548,-0.0084,0.00009
20190307,-0.012574923,-0.0082,0.00009
20190308,-0.000857168,-0.0022,0.00009
20190311,0.029273759,0.0149,0.00009
20190312,0.014832959,0.0025,0.00009
20190313,0.00010057,0.0068,0.00009
20190314,-0.006511246,-0.001,0.00009
20190315,-0.000919404,0.0048,0.00009
20190318,-0.000168853,0.0046,0.00009
20190319,0.01231993,-0.0009,0.00009
20190320,0.020953414,-0.0039,0.00009
20190321,0.006184792,0.0111,0.00009
20190322,-0.021144258,-0.0217,0.00009
20190325,-0.010369141,-0.0005,0.00009
20190326,-0.007024308,0.0076,0.00009
20190327,-0.00979217,-0.005,0.00009
20190328,-0.003861827,0.004,0.00009
20190329,0.004124982,0.0066,0.00009
20190401,0.018000358,0.0119,0.0001
20190402,0.00507355,-0.0005,0.0001
20190403,0.004523153,0.0027,0.0001
20190404,0.007529521,0.0019,0.0001
20190405,-0.006460905,0.0052,0.0001
20190408,-0.002741996,0.0008,0.0001
20190409,-0.005474149,-0.0065,0.0001
20190410,0.004101065,0.0048,0.0001
20190411,0.002046317,0,0.0001
20190412,0.010999319,0.0065,0.0001
20190415,0.002652171,-0.0009,0.0001
20190416,0.004938171,0.0013,0.0001
20190417,0.007505317,-0.0032,0.0001
20190418,2.43E-05,0.0011,0.0001
20190422,0.010085977,0.0011,0.0001
20190423,0.012579674,0.0097,0.0001
20190424,-0.006761298,-0.0023,0.0001
20190425,0.005931529,-0.0014,0.0001
20190426,0.006909652,0.0053,0.0001
20190429,0.012105205,0.0018,0.0001
20190430,-0.076966091,-0.0004,0.0001
20190501,-0.017164782,-0.0083,0.00009
20190502,-0.004682898,-0.0016,0.00009
20190503,0.019602446,0.0113,0.00009
20190506,0.003365952,-0.0039,0.00009
20190507,-0.012855329,-0.0169,0.00009
20190508,-0.006668938,-0.0022,0.00009
20190509,-0.00333542,-0.0028,0.00009
20190510,0.001625974,0.0035,0.00009
20190513,-0.027691171,-0.0267,0.00009
20190514,-0.010238245,0.0093,0.00009
20190515,0.03906501,0.0059,0.00009
20190516,0.012686715,0.0091,0.00009
20190517,-0.014147823,-0.0073,0.00009
20190520,-0.020175514,-0.0065,0.00009
20190521,0.009465689,0.009,0.00009
20190522,0.001557023,-0.004,0.00009
20190523,-0.009249449,-0.0137,0.00009
20190524,-0.006399187,0.0023,0.00009
20190528,0.000599928,-0.0078,0.00009
20190529,-0.015597584,-0.0071,0.00009
20190530,0.001334575,0.0014,0.00009
20190531,-0.01280916,-0.0137,0.00009
20190603,-0.061071192,-0.004,0.00009
20190604,0.016231918,0.0233,0.00009
20190605,-0.010284412,0.007,0.00009
20190606,0.002034119,0.0055,0.00009
20190607,0.020778674,0.0104,0.00009
20190610,0.013451653,0.0053,0.00009
20190611,-0.001536496,-0.0012,0.00009
20190612,-0.001566672,-0.002,0.00009
20190613,0.010900346,0.0052,0.00009
20190614,-0.003141159,-0.0027,0.00009
20190617,0.006587737,0.0015,0.00009
20190618,0.010160183,0.0104,0.00009
20190619,-0.001150779,0.0032,0.00009
20190620,0.008246169,0.0089,0.00009
20190621,0.009411384,-0.0021,0.00009
20190624,-0.005669056,-0.0034,0.00009
20190625,-0.02614924,-0.0098,0.00009
20190626,-0.006029364,-0.0006,0.00009
20190627,-0.003509909,0.006,0.00009
20190628,0.004553861,0.0068,0.00009
20190701,0.015764495,0.0075,0.00009
20190702,0.012113484,0.0014,0.00009
20190703,0.009295838,0.0078,0.00009
20190705,0.00892491,-0.001,0.00009
20190708,-0.013467775,-0.0058,0.00009
20190709,0.007596184,0.0018,0.00009
20190710,0.013913214,0.004,0.00009
20190711,0.003270553,0.0019,0.00009
20190712,0.000603036,0.0053,0.00009
20190715,0.004751507,-0.0004,0.00009
20190716,0.002816559,-0.0032,0.00009
20190717,-0.006267446,-0.0064,0.00009
20190718,-1.74E-05,0.0035,0.00009
20190719,-0.014158227,-0.0056,0.00009
20190722,0.007052473,0.0025,0.00009
20190723,0.00715246,0.0065,0.00009
20190724,-0.0073285,0.0066,0.00009
20190725,-0.005000835,-0.0063,0.00009
20190726,0.10448539,0.0082,0.00009
20190729,-0.008797115,-0.0032,0.00009
20190730,-0.011513543,-0.0017,0.00009
20190731,-0.006905333,-0.0109,0.00009
20190801,-0.006304041,-0.0104,0.00007
20190802,-0.012423388,-0.0087,0.00007
20190805,-0.03489979,-0.0307,0.00007
20190806,0.01529957,0.0129,0.00007
20190807,0.003453139,0.0007,0.00007
20190808,0.026243835,0.0197,0.00007
20190809,-0.013935923,-0.0078,0.00007
20190812,-0.011195192,-0.0132,0.00007
20190813,0.01920474,0.0147,0.00007
20190814,-0.027546,-0.0295,0.00007
20190815,0.002550911,0.0016,0.00007
20190816,0.008858352,0.0155,0.00007
20190819,0.017705503,0.0114,0.00007
20190820,-0.013150319,-0.0075,0.00007
20190821,0.007237738,0.0085,0.00007
20190822,-0.001443861,-0.001,0.00007
20190823,-0.032147151,-0.0266,0.00007
20190826,0.0152872,0.0108,0.00007
20190827,-0.000898288,-0.0046,0.00007
20190828,0.002722976,0.0068,0.00007
20190829,0.018641868,0.0135,0.00007
20190830,-0.00398206,0.0003,0.00007
20190903,-0.016589513,-0.0087,0.00009
20190904,0.011143539,0.0108,0.00009
20190905,0.025367992,0.0142,0.00009
20190906,-0.005324506,-0.0002,0.00009
20190909,-0.00043156,0.0008,0.00009
20190910,0.001320148,0.0017,0.00009
20190911,0.011749585,0.0088,0.00009
20190912,0.011539376,0.0022,0.00009
20190913,0.004302208,-0.0001,0.00009
20190916,-0.006663655,-0.0023,0.00009
20190917,-0.001746122,0.0017,0.00009
20190918,0.002652239,-0.0005,0.00009
20190919,0.005111935,-0.0005,0.00009
20190920,-0.007088019,-0.0048,0.00009
20190923,0.003333523,-0.0002,0.00009
20190924,-0.012374091,-0.0101,0.00009
20190925,0.022777249,0.0069,0.00009
20190926,-0.004115457,-0.0041,0.00009
20190927,-0.013130442,-0.0062,0.00009
20190930,-0.004971063,0.005,0.00009
20191001,-0.011402789,-0.0131,0.00007
20191002,-0.023624595,-0.0173,0.00007
20191003,0.00951871,0.008,0.00007
20191004,0.017822416,0.0139,0.00007
20191007,-0.001091811,-0.0041,0.00007
20191008,-0.015360029,-0.0161,0.00007
20191009,0.011083733,0.0092,0.00007
20191010,0.005289817,0.0059,0.00007
20191011,0.005609472,0.0123,0.00007
20191014,0.001390432,-0.0018,0.00007
20191015,0.021254745,0.0103,0.00007
20191016,0.000506834,-0.0024,0.00007
20191017,0.00758258,0.0037,0.00007
20191018,-0.006049143,-0.0049,0.00007
20191021,0.000529912,0.0071,0.00007
20191022,-0.00268828,-0.0034,0.00007
20191023,0.013139685,0.0026,0.00007
20191024,0.00147721,0.0026,0.00007
20191025,0.003283135,0.005,0.00007
20191028,0.019658059,0.0062,0.00007
20191029,-0.021224806,-0.0013,0.00007
20191030,-0.001053365,0.0027,0.00007
20191031,-0.00093555,-0.0038,0.00007
20191101,0.010816516,0.0108,0.00006
20191104,0.013841129,0.004,0.00006
20191105,0.000511085,-0.0003,0.00006
20191106,-0.000178014,-0.0005,0.00006
20191107,0.013206379,0.0038,0.00006
20191108,0.001917699,0.0031,0.00006
20191111,-0.009287997,-0.0019,0.00006
20191112,-0.000300187,0.0016,0.00006
20191113,-0.000615953,0.0001,0.00006
20191114,0.0103698,0.0007,0.00006
20191115,0.017850335,0.0074,0.00006
20191118,-0.010615266,0.0002,0.00006
20191119,-0.003967593,0.0002,0.00006
20191120,-0.009433962,-0.0033,0.00006
20191121,-0.001304631,-0.0014,0.00006
20191122,-0.004618281,0.0024,0.00006
20191125,0.008762178,0.0092,0.00006
20191126,0.005249906,0.0019,0.00006
20191127,-0.000426326,0.0044,0.00006
20191129,-0.006115812,-0.0042,0.00006
20191202,-0.011525257,-0.0087,0.00007
20191203,0.004155296,-0.0066,0.00007
20191204,0.019501575,0.006,0.00007
20191205,0.005747649,0.0013,0.00007
20191206,0.0094042,0.0091,0.00007
20191209,0.002193015,-0.0033,0.00007
20191210,0.00081872,-0.0008,0.00007
20191211,0.000267726,0.0028,0.00007
20191212,0.003903288,0.009,0.00007
20191213,-0.001807046,-0.0003,0.00007
20191216,0.009897391,0.0074,0.00007
20191217,-0.004444706,0.001,0.00007
20191218,-0.001844855,-0.0005,0.00007
20191219,0.002528426,0.0043,0.00007
20191220,-0.004756497,0.0048,0.00007
20191223,-0.000555724,0.001,0.00007
20191224,-0.003914475,0.0001,0.00007
20191226,0.012533865,0.0048,0.00007
20191227,-0.006255513,-0.001,0.00007
20191230,-0.011650356,-0.0057,0.00007
