Date,Govt,Corp,Equity
30-Nov-17,100,407.75,5155.44
01-Dec-17,100.27,409.22,5145.21
04-Dec-17,100.23,409.55,5139.91
05-Dec-17,100.3,410.1,5120.92
06-Dec-17,100.42,410.62,5120.46
07-Dec-17,100.29,409.76,5136.37
08-Dec-17,100.26,409.76,5165.19
11-Dec-17,100.2,409.55,5181.75
12-Dec-17,100.17,409.65,5189.96
13-Dec-17,100.43,410.82,5187.68
14-Dec-17,100.44,411.25,5167.45
15-Dec-17,100.45,411.66,5214.1
18-Dec-17,100.29,410.77,5242.28
19-Dec-17,100,409.51,5225.43
20-Dec-17,99.78,408.17,5221.79
21-Dec-17,99.86,408.71,5232.16
22-Dec-17,99.87,408.88,5229.79
26-Dec-17,99.94,409.41,5224.51
27-Dec-17,100.23,411.26,5229.01
28-Dec-17,100.18,411,5239.59
29-Dec-17,100.27,411.57,5212.76
02-Jan-18,100.03,409.94,5256.28
03-Jan-18,100.1,410.38,5289.92
04-Jan-18,100.05,410.17,5312.33
05-Jan-18,99.97,410.01,5349.69
08-Jan-18,99.96,410.22,5358.68
09-Jan-18,99.67,408.78,5367.26
10-Jan-18,99.67,409.04,5361.33
11-Jan-18,99.73,409.62,5399.46
12-Jan-18,99.71,409.67,5435.92
16-Jan-18,99.78,410.37,5416.86
17-Jan-18,99.68,409.5,5467.85
18-Jan-18,99.48,408.22,5459.5
19-Jan-18,99.33,407.49,5483.57
22-Jan-18,99.34,407.22,5527.89
23-Jan-18,99.5,408.01,5540.13
24-Jan-18,99.37,407.68,5537.03
25-Jan-18,99.53,408.94,5540.38
26-Jan-18,99.34,408.37,5606.08
29-Jan-18,99.23,407.84,5568.67
30-Jan-18,99.1,407,5508.36
31-Jan-18,99.14,407.62,5511.21
01-Feb-18,98.82,405.94,5508.7
02-Feb-18,98.65,405.02,5392.21
05-Feb-18,99.09,406.93,5171.26
06-Feb-18,98.83,404.8,5262.02
07-Feb-18,98.61,403.71,5235.84
08-Feb-18,98.67,403.91,5040.06
09-Feb-18,98.58,401.91,5116.99
12-Feb-18,98.6,402.08,5188.37
13-Feb-18,98.69,401.84,5202.22
14-Feb-18,98.32,400.32,5273.43
15-Feb-18,98.36,400.81,5338.35
16-Feb-18,98.49,401.54,5340.82
20-Feb-18,98.41,401.34,5309.99
21-Feb-18,98.16,399.72,5280.91
22-Feb-18,98.27,400.29,5286.5
23-Feb-18,98.48,401.15,5371.56
26-Feb-18,98.53,401.47,5435.38
27-Feb-18,98.4,400.96,5367.09
28-Feb-18,98.54,401.25,5308.09
01-Mar-18,98.8,401.8,5238.18
02-Mar-18,98.56,400.41,5265.24
05-Mar-18,98.52,399.99,5323.36
06-Mar-18,98.52,400.32,5337.69
07-Mar-18,98.51,400.22,5335.47
08-Mar-18,98.63,400.54,5360.73
09-Mar-18,98.49,399.87,5454.03
12-Mar-18,98.64,400.22,5447.1
13-Mar-18,98.76,400.51,5412.75
14-Mar-18,98.91,400.99,5383.27
15-Mar-18,98.89,400.89,5379.39
16-Mar-18,98.78,400.54,5388.74
19-Mar-18,98.74,400.14,5312.23
20-Mar-18,98.6,399.54,5320.2
21-Mar-18,98.67,399.41,5310.96
22-Mar-18,98.92,399.68,5177.52
23-Mar-18,98.96,399.78,5069.03
26-Mar-18,98.83,399.28,5206.69
27-Mar-18,99.14,400.96,5116.75
28-Mar-18,99.15,401.02,5102.69
29-Mar-18,99.29,402.06,5173.19
02-Apr-18,99.36,402.66,5057.69
03-Apr-18,99.14,401.46,5121.7
04-Apr-18,99.1,401.04,5181.31
05-Apr-18,98.93,400.82,5217.62
06-Apr-18,99.23,402.37,5103.35
09-Apr-18,99.25,402.94,5121.9
10-Apr-18,99.16,402.7,5207.73
11-Apr-18,99.23,403.01,5179.19
12-Apr-18,99,402.25,5222.55
13-Apr-18,99.04,402.39,5207.57
16-Apr-18,99.02,402.38,5249.94
17-Apr-18,99.07,402.73,5305.9
18-Apr-18,98.83,401.21,5310.32
19-Apr-18,98.67,400.13,5280.57
20-Apr-18,98.47,398.81,5235.75
23-Apr-18,98.44,398.61,5236.04
24-Apr-18,98.37,397.93,5166.1
25-Apr-18,98.25,396.77,5175.59
26-Apr-18,98.41,397.49,5229.61
27-Apr-18,98.54,398.25,5235.73
30-Apr-18,98.61,398.46,5193.04
01-May-18,98.5,397.72,5206.31
02-May-18,98.52,397.27,5168.79
03-May-18,98.64,397.63,5157.7
04-May-18,98.66,397.78,5224.71
07-May-18,98.65,397.58,5242.87
08-May-18,98.58,397.3,5241.53
09-May-18,98.44,396.64,5292.9
10-May-18,98.58,397.71,5343.7
11-May-18,98.6,398.34,5354.69
14-May-18,98.5,398.12,5359.66
15-May-18,98.2,396.62,5323.23
16-May-18,98.09,395.45,5346.33
17-May-18,98.03,395.11,5343.29
18-May-18,98.27,396.07,5329.66
21-May-18,98.29,396.4,5369.19
22-May-18,98.27,396.29,5352.45
23-May-18,98.52,397.36,5369.99
24-May-18,98.7,398.15,5359.32
25-May-18,98.92,399.32,5347.31
29-May-18,99.64,402.16,5285.7
30-May-18,99.36,400.75,5353.76
31-May-18,99.31,400.29,5318.1
01-Jun-18,99.1,399.64,5376.29
04-Jun-18,98.89,398.61,5400.5
05-Jun-18,99.03,399.09,5404.62
06-Jun-18,98.79,397.88,5451.09
07-Jun-18,99.05,399.14,5448.18
08-Jun-18,98.97,398.48,5465.42
11-Jun-18,98.91,398.47,5471.29
12-Jun-18,98.89,398.42,5481.07
13-Jun-18,98.82,398.1,5459.21
14-Jun-18,99,399.07,5474.37
15-Jun-18,99.04,398.99,5469.37
18-Jun-18,99.07,398.88,5457.83
19-Jun-18,99.23,399.08,5436.13
20-Jun-18,99.02,397.83,5445.43
21-Jun-18,99.18,397.79,5411.4
22-Jun-18,99.19,397.72,5421.63
25-Jun-18,99.28,397.79,5347.23
26-Jun-18,99.32,397.98,5359.01
27-Jun-18,99.57,399.11,5312.89
28-Jun-18,99.53,398.91,5346.44
29-Jun-18,99.47,398.74,5350.83
02-Jul-18,99.42,398.65,5367.49
03-Jul-18,99.59,399.62,5340.93
05-Jul-18,99.59,400.09,5388.28
06-Jul-18,99.68,400.55,5434.36
09-Jul-18,99.53,400.63,5483.89
10-Jul-18,99.5,400.83,5503.05
11-Jul-18,99.61,401.41,5464.01
12-Jul-18,99.58,401.59,5512.36
13-Jul-18,99.69,402.27,5518.33
16-Jul-18,99.59,401.98,5512.92
17-Jul-18,99.53,401.7,5534.91
18-Jul-18,99.46,401.25,5546.86
19-Jul-18,99.64,402.12,5525.51
20-Jul-18,99.41,401.16,5520.5
23-Jul-18,99.11,399.98,5530.66
24-Jul-18,99.17,400.66,5557.37
25-Jul-18,99.11,400.49,5607.99
26-Jul-18,99.04,400.63,5590.99
27-Jul-18,99.11,401.2,5554.31
30-Jul-18,99.07,401.16,5522.81
31-Jul-18,99.17,401.91,5549.96
01-Aug-18,99,401.12,5544.19
02-Aug-18,99.07,401.27,5572.08
03-Aug-18,99.22,402.31,5598.71
06-Aug-18,99.26,402.56,5619.05
07-Aug-18,99.12,402.17,5634.98
08-Aug-18,99.16,402.12,5633.67
09-Aug-18,99.36,402.77,5627
10-Aug-18,99.61,403.28,5588.66
13-Aug-18,99.6,403,5566.36
14-Aug-18,99.52,402.81,5602.41
15-Aug-18,99.69,403.44,5560.85
16-Aug-18,99.66,403.81,5606.56
17-Aug-18,99.7,403.95,5625.66
20-Aug-18,99.91,405.04,5639.53
21-Aug-18,99.81,404.77,5651.39
22-Aug-18,99.94,404.96,5649.31
23-Aug-18,99.93,404.98,5640.1
24-Aug-18,99.96,405.18,5675.12
27-Aug-18,99.82,404.51,5719.3
28-Aug-18,99.67,403.85,5720.89
29-Aug-18,99.67,403.89,5754
30-Aug-18,99.77,403.96,5729.45
31-Aug-18,99.77,403.58,5730.8
04-Sep-18,99.64,403.03,5721.86
05-Sep-18,99.62,402.61,5705.86
06-Sep-18,99.72,403.35,5686.7
07-Sep-18,99.44,402.42,5674.58
10-Sep-18,99.5,402.65,5685.34
11-Sep-18,99.3,401.9,5706.99
12-Sep-18,99.35,402.36,5709.08
13-Sep-18,99.35,402.72,5740.75
14-Sep-18,99.22,402.66,5743.19
17-Sep-18,99.26,402.76,5711.29
18-Sep-18,99,401.59,5742.18
19-Sep-18,98.89,400.89,5749.39
20-Sep-18,98.95,401.52,5794.72
21-Sep-18,98.97,401.85,5792.72
24-Sep-18,98.92,401.52,5772.36
25-Sep-18,98.88,401.23,5765.25
26-Sep-18,99.07,402.4,5746.27
27-Sep-18,99.07,402.69,5763.22
28-Sep-18,99.07,402.59,5763.42
01-Oct-18,98.92,401.93,5784.45
02-Oct-18,99.09,402.62,5782.37
03-Oct-18,98.64,400.5,5786.48
04-Oct-18,98.48,399.33,5740.56
05-Oct-18,98.31,398.52,5708.9
09-Oct-18,98.47,399.02,5700.23
10-Oct-18,98.49,398.94,5512.94
11-Oct-18,98.74,399.92,5399.54
12-Oct-18,98.66,399.26,5476.83
15-Oct-18,98.69,399.71,5444.61
16-Oct-18,98.7,399.59,5561.8
17-Oct-18,98.54,398.49,5560.62
18-Oct-18,98.61,398.67,5481.13
19-Oct-18,98.53,398.5,5479.3
22-Oct-18,98.53,397.93,5455.88
23-Oct-18,98.67,397.82,5426.08
24-Oct-18,98.96,399.2,5258.61
25-Oct-18,98.82,398.67,5356.54
26-Oct-18,99.06,399.22,5263.74
29-Oct-18,99.04,399.49,5229.28
30-Oct-18,98.9,398.15,5311.67
31-Oct-18,98.75,397.53,5369.49
01-Nov-18,98.82,397.41,5426.33
02-Nov-18,98.48,396.16,5392.53
05-Nov-18,98.56,396.6,5422.88
06-Nov-18,98.5,397.06,5457.25
07-Nov-18,98.49,397.33,5573.06
08-Nov-18,98.43,397.27,5562
09-Nov-18,98.67,397.92,5511.79
13-Nov-18,98.9,398.25,5395.37
14-Nov-18,99.01,397.81,5355.94
15-Nov-18,99.03,396.99,5414.43
16-Nov-18,99.22,397.47,5426.86
19-Nov-18,99.35,397.89,5336.7
20-Nov-18,99.33,397.21,5240.23
21-Nov-18,99.3,397.63,5256.61
23-Nov-18,99.37,397.66,5222.43
26-Nov-18,99.29,397.76,5304.17
27-Nov-18,99.33,397.55,5321.52
28-Nov-18,99.3,396.84,5444.12
29-Nov-18,99.42,397.03,5433.49
30-Nov-18,99.52,397.04,5478.91
03-Dec-18,99.64,398.39,5538.86
04-Dec-18,99.98,399.25,5359.91
06-Dec-18,100.14,398.96,5353.43
07-Dec-18,100.29,399.96,5229.44
10-Dec-18,100.36,400.2,5238.7
11-Dec-18,100.27,400.14,5237.1
12-Dec-18,100.14,400.17,5265.53
13-Dec-18,100.15,400.5,5265.46
14-Dec-18,100.27,400.88,5165.6
17-Dec-18,100.47,401.91,5058.58
18-Dec-18,100.65,402.74,5059.34
19-Dec-18,100.9,403.92,4981.92
20-Dec-18,100.81,402.6,4903.46
21-Dec-18,100.86,402.39,4802.51
24-Dec-18,101.13,403.5,4672.66
26-Dec-18,100.77,401.36,4904.49
27-Dec-18,100.89,400.75,4946.94
28-Dec-18,101.2,402.32,4941.61
31-Dec-18,101.35,403.21,4984.22
02-Jan-19,101.52,403.93,4990.56
03-Jan-19,102,405.5,4868.3
04-Jan-19,101.52,403.52,5035.45
07-Jan-19,101.38,403.13,5070.76
08-Jan-19,101.24,403.28,5120.04
09-Jan-19,101.26,404.06,5142.66
10-Jan-19,101.17,403.62,5165.89
11-Jan-19,101.32,404.17,5165.15
14-Jan-19,101.29,404.02,5138.58
15-Jan-19,101.22,403.61,5193.78
16-Jan-19,101.21,403.95,5205.45
17-Jan-19,101.14,404,5245.48
18-Jan-19,100.96,404.29,5314.78
22-Jan-19,101.17,405.56,5239.75
23-Jan-19,101.16,406.17,5251.29
24-Jan-19,101.35,407.3,5258.69
25-Jan-19,101.2,407.2,5303.51
28-Jan-19,101.22,407.28,5261.88
29-Jan-19,101.39,408.34,5254.31
30-Jan-19,101.5,409.15,5336.6
31-Jan-19,101.77,411.04,5383.63
01-Feb-19,101.51,410.7,5389.19
04-Feb-19,101.39,410.36,5425.8
05-Feb-19,101.51,411.48,5451.4
06-Feb-19,101.56,411.73,5439.8
07-Feb-19,101.75,412.15,5389.69
08-Feb-19,101.87,412.46,5395.12
11-Feb-19,101.77,412.43,5399
12-Feb-19,101.69,412.11,5468.98
13-Feb-19,101.55,411.56,5485.97
14-Feb-19,101.77,412.16,5473.33
15-Feb-19,101.76,412.61,5533.27
19-Feb-19,101.89,413.24,5541.98
20-Feb-19,101.85,412.92,5552.9
21-Feb-19,101.62,411.77,5533.8
22-Feb-19,101.81,412.5,5569.45
25-Feb-19,101.75,412.65,5577.09
26-Feb-19,101.91,413.3,5572.74
27-Feb-19,101.67,412.15,5570.57
28-Feb-19,101.54,411.9,5556.49
01-Mar-19,101.29,410.93,5595.11
04-Mar-19,101.51,412.11,5573.53
05-Mar-19,101.55,412.45,5567.4
06-Mar-19,101.7,412.77,5531.34
07-Mar-19,101.92,413.63,5487.56
08-Mar-19,102.02,413.8,5476.39
11-Mar-19,101.96,413.66,5556.77
12-Mar-19,102.15,415.05,5573.44
13-Mar-19,102.12,414.88,5612.56
14-Mar-19,102,414.23,5609.59
15-Mar-19,102.17,415.29,5637.77
18-Mar-19,102.14,415.38,5658.73
19-Mar-19,102.09,415.33,5658.15
20-Mar-19,102.49,417.07,5641.74
21-Mar-19,102.48,417.41,5703.28
22-Mar-19,103,420.09,5595.5
25-Mar-19,103.15,420.65,5591.23
26-Mar-19,103.12,421.03,5631.39
27-Mar-19,103.36,422.08,5605.32
28-Mar-19,103.38,422.32,5626.32
29-Mar-19,103.31,422.19,5664.46
01-Apr-19,102.88,420.19,5730.04
02-Apr-19,102.98,420.67,5730.35
03-Apr-19,102.76,419.78,5742.67
04-Apr-19,102.83,420.3,5755.96
05-Apr-19,102.85,420.72,5782.7
08-Apr-19,102.78,420.49,5788.86
09-Apr-19,102.88,421.37,5755.49
10-Apr-19,102.99,422.1,5775.99
11-Apr-19,102.82,421.83,5776.28
12-Apr-19,102.56,421.25,5815.04
15-Apr-19,102.66,421.91,5811.51
16-Apr-19,102.48,421.21,5814.46
17-Apr-19,102.49,421.19,5801.83
18-Apr-19,102.67,422.01,5811.13
22-Apr-19,102.56,421.1,5817.16
23-Apr-19,102.67,421.56,5868.88
24-Apr-19,102.92,422.84,5856.03
25-Apr-19,102.86,422.81,5853.87
26-Apr-19,103.02,423.58,5881.48
29-Apr-19,102.9,423.08,5888.05
30-Apr-19,103.05,423.68,5893.81
01-May-19,103.06,423.89,5849.65
02-May-19,102.87,422.72,5837.46
03-May-19,102.96,423.13,5894.3
06-May-19,103.12,423.62,5868.45
07-May-19,103.34,424.64,5771.59
08-May-19,103.21,423.86,5762.48
09-May-19,103.37,424.32,5747.08
10-May-19,103.32,423.8,5770.44
13-May-19,103.68,424.66,5631.41
14-May-19,103.6,424.36,5677.2
15-May-19,103.81,425.49,5711.49
16-May-19,103.69,425.25,5763.95
17-May-19,103.74,425.43,5730.89
20-May-19,103.65,424.77,5692.3
21-May-19,103.56,424.4,5740.81
22-May-19,103.75,425.23,5724.71
23-May-19,104.15,426.47,5657.1
24-May-19,104.14,426.55,5665.6
28-May-19,104.41,427.62,5618.18
29-May-19,104.45,427.03,5579.51
30-May-19,104.7,428.71,5591.97
31-May-19,105.19,430.58,5519.27
03-Jun-19,105.53,431.9,5504.05
04-Jun-19,105.24,430.65,5622.31
05-Jun-19,105.21,430.41,5668.89
06-Jun-19,105.19,430.47,5705.22
07-Jun-19,105.47,432.04,5765.66
10-Jun-19,105.17,431.36,5792.56
11-Jun-19,105.16,431.44,5790.83
12-Jun-19,105.29,431.96,5779.12
13-Jun-19,105.45,432.65,5804.53
14-Jun-19,105.49,432.82,5795.96
17-Jun-19,105.5,433.03,5801.4
18-Jun-19,105.62,434.42,5857.95
19-Jun-19,105.84,435.77,5875.45
20-Jun-19,105.93,437.48,5931.66
21-Jun-19,105.65,436.81,5924.54
24-Jun-19,105.91,438.71,5914.29
25-Jun-19,106.02,438.87,5858.13
26-Jun-19,105.75,437.7,5850.9
27-Jun-19,105.94,439.01,5874.15
28-Jun-19,105.97,439.58,5908.25
01-Jul-19,105.88,439.93,5953.63
02-Jul-19,106.1,441.06,5971.29
03-Jul-19,106.24,441.93,6018.54
05-Jul-19,105.77,440.03,6008.31
08-Jul-19,105.75,439.6,5979.34
09-Jul-19,105.7,439.27,5988.48
10-Jul-19,105.75,439.23,6015.56
11-Jul-19,105.39,437.51,6029.33
12-Jul-19,105.45,437.62,6057.77
15-Jul-19,105.62,438.65,6058.83
16-Jul-19,105.48,437.98,6038.4
17-Jul-19,105.82,439.69,5999.05
18-Jul-19,105.95,440.36,6021.15
19-Jul-19,105.82,440.01,5984.2
22-Jul-19,105.87,440.45,6001.28
23-Jul-19,105.74,440.23,6042.48
24-Jul-19,105.84,440.95,6071.05
25-Jul-19,105.68,440.65,6039.13
26-Jul-19,105.71,440.91,6083.82
29-Jul-19,105.77,441.2,6074.01
30-Jul-19,105.82,441.28,6058.96
31-Jul-19,105.97,442.3,5993.17
01-Aug-19,106.72,445.69,5939.83
02-Aug-19,106.91,446.2,5897.1
05-Aug-19,107.56,448.49,5721.8
06-Aug-19,107.73,449.07,5796.72
07-Aug-19,107.75,448.45,5801.32
08-Aug-19,107.76,448.99,5911.66
09-Aug-19,107.65,448.26,5873.47
12-Aug-19,108.23,450.84,5804.25
13-Aug-19,107.97,449.92,5890.16
14-Aug-19,108.57,452.52,5719.3
15-Aug-19,109.04,454.38,5734.49
16-Aug-19,108.85,453.57,5818.17
19-Aug-19,108.44,451.96,5888.93
20-Aug-19,108.77,453.76,5842.76
21-Aug-19,108.53,453.38,5891.19
22-Aug-19,108.33,452.86,5888.37
23-Aug-19,108.87,455.17,5735.63
26-Aug-19,108.76,454.68,5799.34
27-Aug-19,109.15,456.81,5780.79
28-Aug-19,109.2,456.9,5818.84
29-Aug-19,109.05,456.27,5893.65
30-Aug-19,109.08,456.31,5898.23
03-Sep-19,109.22,456.25,5857.95
04-Sep-19,109.35,456.82,5921.96
05-Sep-19,108.71,453.92,6000.38
06-Sep-19,108.85,454.56,6006.07
09-Sep-19,108.36,452.31,6005.99
10-Sep-19,107.79,449.12,6008.12
11-Sep-19,107.73,448.93,6051.87
12-Sep-19,107.52,448.17,6070.23
13-Sep-19,106.85,444.64,6067.5
16-Sep-19,107.22,446.73,6048.67
17-Sep-19,107.41,447.66,6064.31
18-Sep-19,107.47,448.16,6066.42
19-Sep-19,107.52,448.83,6066.9
20-Sep-19,107.92,451.51,6037.5
23-Sep-19,108.01,452,6036.9
24-Sep-19,108.4,453.92,5986.58
25-Sep-19,107.9,451.06,6023.46
26-Sep-19,108.08,451.92,6009.19
27-Sep-19,108.2,452.34,5978.11
30-Sep-19,108.29,452.91,6008.59
01-Oct-19,108.51,453.78,5935.2
02-Oct-19,108.71,453.93,5828.93
03-Oct-19,109.11,455.55,5876.86
04-Oct-19,109.27,456.64,5960.43
07-Oct-19,109,455.38,5933.76
08-Oct-19,109.14,455.71,5841.57
09-Oct-19,108.94,454.88,5896.6
10-Oct-19,108.45,452.61,5934.56
11-Oct-19,108.01,450.93,6000.04
15-Oct-19,107.87,450.82,6051.39
16-Oct-19,107.98,451.56,6039.69
17-Oct-19,107.93,451.64,6056.84
18-Oct-19,107.98,452.18,6033.26
21-Oct-19,107.73,451.29,6074.9
22-Oct-19,107.89,452.51,6053.42
23-Oct-19,107.92,452.54,6070.87
24-Oct-19,107.88,452.58,6082.54
25-Oct-19,107.71,452.14,6107.42
28-Oct-19,107.48,451.34,6141.51
29-Oct-19,107.51,451.44,6136.47
30-Oct-19,107.89,453.31,6156.93
31-Oct-19,108.37,455.34,6138.73
01-Nov-19,108.23,454.93,6198.59
04-Nov-19,107.88,453.27,6221.63
05-Nov-19,107.52,451.42,6214.28
06-Nov-19,107.72,452.66,6219.1
07-Nov-19,107.14,450.42,6238.99
08-Nov-19,107.04,449.88,6256.11
12-Nov-19,107.2,450.76,6253.91
13-Nov-19,107.41,451.72,6258.58
14-Nov-19,107.75,453.53,6265.42
15-Nov-19,107.67,453.11,6314.74
18-Nov-19,107.79,453.7,6318.02
19-Nov-19,107.95,454.64,6314.66
20-Nov-19,108.24,456.16,6292.17
21-Nov-19,108.06,454.97,6282.59
22-Nov-19,108.05,455.07,6296.34
25-Nov-19,108.13,455.88,6344.36
26-Nov-19,108.29,457.14,6358.46
27-Nov-19,108.13,456.47,6385.76
29-Nov-19,108.12,456.43,6361.56
02-Dec-19,107.83,454.78,6306.88
03-Dec-19,108.47,457.98,6265.22
04-Dec-19,108.16,456.75,6305.49
05-Dec-19,108.02,456.27,6316.69
06-Dec-19,107.81,455.65,6374.7
09-Dec-19,107.88,456.45,6355.07
10-Dec-19,107.82,456.37,6348.31
11-Dec-19,108.08,457.86,6366.84
12-Dec-19,107.56,455.69,6422.35
13-Dec-19,107.96,458.03,6423.93
16-Dec-19,107.68,456.74,6470.03
17-Dec-19,107.67,456.99,6472.24
18-Dec-19,107.48,456.29,6470
19-Dec-19,107.53,456.71,6499.26
20-Dec-19,107.54,456.89,6531.75
23-Dec-19,107.48,456.69,6537.4
24-Dec-19,107.63,457.59,6536.58
26-Dec-19,107.68,458.02,6570.71
27-Dec-19,107.8,458.57,6571.03
30-Dec-19,107.77,458.32,6533.91
31-Dec-19,107.56,457.15,6553.57
02-Jan-20,107.83,458.73,6609.29
03-Jan-20,108.28,460.91,6563.32
06-Jan-20,108.17,459.82,6586.54
07-Jan-20,108.06,458.85,6568.74
08-Jan-20,107.87,457.83,6601.15
09-Jan-20,107.93,458.43,6646.84
10-Jan-20,108.13,460.06,6627.87
13-Jan-20,108.05,459.73,6674.13
14-Jan-20,108.21,460.38,6664.66
15-Jan-20,108.39,461.39,6677.25
16-Jan-20,108.28,461.14,6733.35
17-Jan-20,108.13,461,6759.51
21-Jan-20,108.47,463.04,6741.71
22-Jan-20,108.54,463.71,6743.9
23-Jan-20,108.73,464.46,6752.09
24-Jan-20,108.98,465.57,6691.22
27-Jan-20,109.48,467.63,6585.95
28-Jan-20,109.23,466.05,6652.3
29-Jan-20,109.57,467.95,6646.69
30-Jan-20,109.61,467.36,6668.52
31-Jan-20,109.97,469.06,6551
03-Feb-20,109.92,468.67,6598.63
04-Feb-20,109.47,466.81,6697.49
05-Feb-20,109.15,465.56,6772.98
06-Feb-20,109.24,466.46,6796.64
07-Feb-20,109.6,468.49,6761.26
10-Feb-20,109.75,469.18,6811.83
11-Feb-20,109.57,468.31,6823.59
12-Feb-20,109.4,467.68,6867.92
13-Feb-20,109.48,468.19,6858.92
14-Feb-20,109.61,468.98,6872.68
18-Feb-20,109.83,470.14,6853.04
19-Feb-20,109.81,469.97,6886.47
20-Feb-20,110.06,470.85,6860.52
21-Feb-20,110.36,472.12,6788.6
24-Feb-20,110.96,473.94,6561.94
25-Feb-20,111.2,474.23,6363.37
26-Feb-20,111.11,472.94,6339.38
27-Feb-20,111.52,473.33,6060.67
28-Feb-20,112.44,474.82,6011.73
02-Mar-20,112.23,473.53,6288.64
03-Mar-20,113.1,478.45,6112.07
04-Mar-20,112.89,477.63,6370.35
05-Mar-20,113.62,480.6,6155.58
06-Mar-20,114.84,482.74,6050.8
09-Mar-20,115.69,476.63,5591.74
10-Mar-20,114.1,471.02,5868.11
11-Mar-20,113.76,465.07,5581.76
12-Mar-20,113.46,453.78,5051.97
13-Mar-20,112.74,451.7,5522.85
16-Mar-20,114.47,451.74,4861.22
17-Mar-20,112.58,439.84,5152.83
18-Mar-20,111.42,427.65,4885.76
19-Mar-20,111.57,417.88,4909.13
20-Mar-20,113.53,420.88,4697.09
23-Mar-20,114.76,422.85,4559.5
24-Mar-20,114.36,423.02,4987.8
25-Mar-20,114.32,428.75,5045.35
26-Mar-20,114.59,436.43,5360.49
27-Mar-20,115.37,442.68,5179.92
30-Mar-20,115.25,444.96,5354.39
31-Mar-20,115.21,447.94,5269.2
01-Apr-20,115.57,447.95,5036.64
02-Apr-20,115.69,447.63,5152.47
03-Apr-20,115.76,446.9,5075.16
06-Apr-20,115.51,447.19,5432.17
07-Apr-20,115.33,449.19,5423.52
08-Apr-20,115.13,450.51,5609.55
09-Apr-20,115.28,459.05,5691.54
13-Apr-20,115.07,463.47,5634.15
14-Apr-20,115.16,465.84,5807.1
15-Apr-20,115.91,468.13,5679.53
16-Apr-20,116.15,469.25,5712.6
17-Apr-20,115.79,468.53,5865.9
20-Apr-20,116.04,468.94,5761
21-Apr-20,116.36,468.94,5584.44
22-Apr-20,116.06,468.15,5712.65
23-Apr-20,116.19,469.49,5710.04
24-Apr-20,116.25,469.99,5789.65
27-Apr-20,115.75,467.77,5874.94
28-Apr-20,116.11,469.39,5844.18
29-Apr-20,116.02,469.92,5999.74
30-Apr-20,115.77,468.61,5944.68
01-May-20,115.92,468.65,5778.53
04-May-20,115.87,467.51,5803.12
05-May-20,115.73,466.83,5855.58
06-May-20,115.36,464.34,5815.17
07-May-20,115.9,465.67,5884.14
08-May-20,115.56,463.35,5984.55
11-May-20,115.32,461.29,5985.66
12-May-20,115.6,462.32,5863.68
13-May-20,115.79,463.5,5761.7
14-May-20,116.02,464.67,5829.33
15-May-20,115.95,465.31,5852.84
18-May-20,115.35,464.94,6037.9
19-May-20,115.52,467.59,5975.15
20-May-20,115.57,469.67,6075.76
21-May-20,115.64,471.05,6028.93
22-May-20,115.74,471.98,6044.16
26-May-20,115.49,471.89,6118.54
27-May-20,115.46,472.2,6209.38
28-May-20,115.38,472.88,6197.02
29-May-20,115.6,474.55,6227.81
01-Jun-20,115.48,474.54,6251.48
02-Jun-20,115.36,475.11,6303
03-Jun-20,114.93,474.8,6389.67
04-Jun-20,114.57,474.16,6369.54
05-Jun-20,114.27,475.69,6536.58
08-Jun-20,114.36,477.48,6615.4
09-Jun-20,114.71,478.71,6564.27
10-Jun-20,115.22,480.71,6529.42
11-Jun-20,115.62,479.85,6145.3
12-Jun-20,115.38,478.85,6227.42
15-Jun-20,115.39,478.78,6279.4
16-Jun-20,115.07,481.2,6398.58
17-Jun-20,115.16,481.97,6375.54
18-Jun-20,115.41,482.69,6379.56
19-Jun-20,115.43,483.13,6344.7
22-Jun-20,115.43,482.99,6385.91
23-Jun-20,115.3,482.31,6413.44
24-Jun-20,115.56,482.69,6247.66
25-Jun-20,115.6,482.1,6316.45
26-Jun-20,115.89,483.42,6163.5
29-Jun-20,115.89,483.3,6254.78
30-Jun-20,115.76,483.34,6351.67
01-Jul-20,115.67,484.03,6383.76
02-Jul-20,115.74,485.62,6414.16
06-Jul-20,115.62,486.48,6516.05
07-Jul-20,115.96,488.76,6445.59
08-Jul-20,115.86,488.35,6496.14
09-Jul-20,116.24,490.38,6461.31
10-Jul-20,116.07,489.75,6528.96
13-Jul-20,116.18,490.72,6467.84
14-Jul-20,116.2,490.64,6555.4
15-Jul-20,116.11,491.12,6615.07
16-Jul-20,116.23,492.29,6592.75
17-Jul-20,116.18,492.89,6611.86
20-Jul-20,116.24,494.22,6667.45
21-Jul-20,116.29,495.49,6678.74
22-Jul-20,116.35,496.51,6717.29
23-Jul-20,116.59,497.63,6635.04
24-Jul-20,116.58,497.54,6594.1
27-Jul-20,116.46,496.7,6642.89
28-Jul-20,116.68,497.48,6599.97
29-Jul-20,116.7,497.68,6682.01
30-Jul-20,116.89,498.36,6658.02
31-Jul-20,116.89,498.72,6709.81
03-Aug-20,116.8,498.35,6758.2
04-Aug-20,117.07,499.97,6782.6
05-Aug-20,116.8,499.22,6826.22
06-Aug-20,116.93,500.44,6870.86
07-Aug-20,116.73,499.79,6876.65
10-Aug-20,116.63,499.36,6895.59
11-Aug-20,116.29,498.34,6840.67
12-Aug-20,116.03,495.59,6937.44
13-Aug-20,115.75,493.81,6924.96
14-Aug-20,115.71,492.28,6924.28
17-Aug-20,115.81,491.96,6943.22
18-Aug-20,116,492.35,6960.3
19-Aug-20,115.85,491.67,6930.8
20-Aug-20,116.08,492.85,6952.92
21-Aug-20,116.2,493.69,6977.27
24-Aug-20,116.12,493.39,7048.17
25-Aug-20,115.94,492.13,7073.6
26-Aug-20,115.86,491.51,7145.77
27-Aug-20,115.45,489.24,7158.18
28-Aug-20,115.51,489.14,7207.1
31-Aug-20,115.67,490.31,7192.11
01-Sep-20,115.97,492.62,7246.37
02-Sep-20,116.18,494.74,7358.49
03-Sep-20,116.27,495.1,7101.38
04-Sep-20,115.71,492.87,7043.62
08-Sep-20,115.92,492.47,6848.42
09-Sep-20,115.85,492.01,6986.76
10-Sep-20,115.98,492.54,6864.23
11-Sep-20,116.05,493.04,6868.22
14-Sep-20,116.04,493.06,6957.91
15-Sep-20,115.99,493.1,6994.33
16-Sep-20,115.92,493.2,6962.29
17-Sep-20,115.99,493.73,6903.82
18-Sep-20,115.89,493.34,6826.72
21-Sep-20,116.04,493.51,6748.08
22-Sep-20,116.03,493.29,6819.08
23-Sep-20,116.07,492.95,6657.82
24-Sep-20,116.14,492,6678.04
25-Sep-20,116.17,490.95,6784.95
28-Sep-20,116.12,490.84,6894.27
29-Sep-20,116.16,491.19,6861.96
30-Sep-20,115.91,490.16,6918.83
01-Oct-20,115.96,490.73,6956.2
02-Oct-20,115.85,490.28,6889.65
05-Oct-20,115.31,488.2,7014.23
06-Oct-20,115.47,490.02,6916.4
07-Oct-20,115.24,489.14,7036.91
08-Oct-20,115.41,490.47,7095.4
09-Oct-20,115.35,490.46,7157.92
13-Oct-20,115.68,492.86,7229.55
14-Oct-20,115.73,493.2,7182.38
15-Oct-20,115.68,492.67,7171.61
16-Oct-20,115.59,492.7,7172.7
19-Oct-20,115.49,492.09,7055.58
20-Oct-20,115.26,490.99,7089.06
21-Oct-20,115.16,490.31,7073.65
22-Oct-20,114.86,488.67,7111.17
23-Oct-20,115.01,489.91,7135.81
26-Oct-20,115.27,491.35,7003.21
27-Oct-20,115.45,492.7,6982.14
28-Oct-20,115.48,492.32,6735.75
29-Oct-20,115.19,490.48,6816.79
30-Oct-20,114.92,488.6,6734.84
02-Nov-20,115.09,489.53,6817.89
03-Nov-20,114.93,489.3,6939.3
04-Nov-20,115.56,493.76,7092.3
05-Nov-20,115.6,496.01,7231.67
06-Nov-20,115.26,494.77,7230.51
09-Nov-20,114.65,494.3,7315.77
10-Nov-20,114.47,492.59,7306.75
12-Nov-20,115.04,495.2,7290.69
13-Nov-20,114.97,494.77,7390.61
16-Nov-20,114.92,494.79,7476.79
17-Nov-20,115.12,496.48,7442.04
18-Nov-20,115.16,497.73,7357.34
19-Nov-20,115.29,498.98,7386.86
20-Nov-20,115.5,500.47,7336.76
23-Nov-20,115.38,500.14,7378.94
24-Nov-20,115.17,499.32,7498.29
25-Nov-20,115.12,499.13,7486.68
27-Nov-20,115.36,500.85,7505.38
30-Nov-20,115.35,501.52,7472.06
01-Dec-20,114.92,500.5,7556.51
02-Dec-20,114.73,499.64,7570.76
03-Dec-20,114.97,501.48,7567.44
04-Dec-20,114.58,498.88,7634.77
07-Dec-20,114.86,500.51,7620
08-Dec-20,114.97,500.18,7641.43
09-Dec-20,114.86,498.78,7581.06
10-Dec-20,115.11,500.26,7571.87
11-Dec-20,115.24,500.72,7562.46
14-Dec-20,115.19,500.47,7530.87
15-Dec-20,115.11,500.15,7628.28
16-Dec-20,115.04,500.38,7641.82
17-Dec-20,114.96,500.29,7686.18
18-Dec-20,114.89,499.97,7659.75
21-Dec-20,114.98,500.41,7630.07
22-Dec-20,115.12,501.11,7614.83
23-Dec-20,114.95,500.23,7620.63
24-Dec-20,115.05,501.01,7648.39
28-Dec-20,115.07,501.25,7715.1
29-Dec-20,115.05,501.51,7697.93
30-Dec-20,115.1,502.18,7709.1
31-Dec-20,115.15,502.86,7759.35
04-Jan-21,115.17,502.51,7645.27
05-Jan-21,114.96,500.65,7700.34
06-Jan-21,114.41,497.01,7744.43
07-Jan-21,114.15,495.88,7861.1
08-Jan-21,114.01,495.18,7905.28
11-Jan-21,113.93,494.79,7853.45
12-Jan-21,113.92,494.74,7856.72
13-Jan-21,114.2,497.15,7874.75
14-Jan-21,113.99,496.28,7846.1
15-Jan-21,114.14,497.18,7789.79
19-Jan-21,114.24,498.08,7853.47
20-Jan-21,114.26,498.24,7962.92
21-Jan-21,114.12,497.26,7966.11
22-Jan-21,114.2,496.93,7942.2
25-Jan-21,114.52,498.43,7970.92
26-Jan-21,114.48,498.1,7959.1
27-Jan-21,114.56,498.29,7754.74
28-Jan-21,114.4,497.37,7831.22
29-Jan-21,114.27,496.47,7681.01
01-Feb-21,114.32,496.69,7804.31
02-Feb-21,114.14,495.6,7912.87
03-Feb-21,113.91,494.35,7920.85
04-Feb-21,113.86,494.35,8007.62
05-Feb-21,113.66,493.49,8039.67
08-Feb-21,113.74,494.44,8099.33
09-Feb-21,113.76,494.98,8091.7
10-Feb-21,113.95,496.09,8089.11
11-Feb-21,113.84,495.38,8104.19
12-Feb-21,113.52,493.37,8142.79
16-Feb-21,113.06,491,8139.16
17-Feb-21,113.18,492.24,8137.88
18-Feb-21,113.14,492.39,8102.24
19-Feb-21,112.8,490.23,8087.68
22-Feb-21,112.63,488.27,8025.81
23-Feb-21,112.61,487.28,8036.06
24-Feb-21,112.44,486.14,8127.38
25-Feb-21,111.61,481.42,7929.56
26-Feb-21,112.48,487.53,7892.81
01-Mar-21,112.26,486.16,8080.78
02-Mar-21,112.34,486.51,8015.54
03-Mar-21,111.98,484.3,7911.21
04-Mar-21,111.73,482.51,7806.45
05-Mar-21,111.7,480.64,7958.98
08-Mar-21,111.43,478.74,7916.41
09-Mar-21,111.78,479.94,8029.2
10-Mar-21,111.89,480.94,8078.05
11-Mar-21,111.79,480.97,8162.58
12-Mar-21,111.22,477.58,8172.9
15-Mar-21,111.36,478.23,8226.32
16-Mar-21,111.31,477.93,8213.63
17-Mar-21,111.21,477,8237.35
18-Mar-21,110.88,475.2,8116.17
19-Mar-21,110.94,476.17,8112.13
22-Mar-21,111.21,477.84,8169.14
23-Mar-21,111.49,479.57,8106.83
24-Mar-21,111.62,480.17,8063
25-Mar-21,111.49,479.23,8105.51
26-Mar-21,111.32,478.42,8240.38
29-Mar-21,111.1,477.54,8233.24
30-Mar-21,111.15,478.33,8208.1
31-Mar-21,111.03,478.84,8238.48
01-Apr-21,111.35,481.83,8335.91
02-Apr-21,111.12,480.67,8335.91
05-Apr-21,111.2,481.42,8457.4
06-Apr-21,111.48,482.91,8449.54
07-Apr-21,111.37,482.13,8462.18
08-Apr-21,111.6,483.62,8499.85
09-Apr-21,111.46,482.84,8565.57
12-Apr-21,111.42,482.85,8564.03
13-Apr-21,111.66,484.08,8592.25
14-Apr-21,111.57,484.07,8558.16
15-Apr-21,112,486.52,8653.29
16-Apr-21,111.8,485.1,8684.51
19-Apr-21,111.76,484.23,8638.42
20-Apr-21,111.94,484.78,8579.95
21-Apr-21,111.98,485.24,8659.8
22-Apr-21,112.06,485.93,8580.73
23-Apr-21,111.97,485.73,8674.8
26-Apr-21,111.92,485.83,8690.26
27-Apr-21,111.67,484.32,8688.45
28-Apr-21,111.75,484.63,8681.17
29-Apr-21,111.67,484.01,8740.35
30-Apr-21,111.74,484.59,8678.16
03-May-21,111.8,484.99,8702.02
04-May-21,111.94,485.76,8643.91
05-May-21,112.02,486.32,8650.04
06-May-21,112.05,486.77,8722.04
07-May-21,112.02,486.64,8787.82
10-May-21,111.82,485.28,8696.29
11-May-21,111.68,484.07,8620.98
12-May-21,111.34,481.78,8437.24
13-May-21,111.46,482.35,8541.39
14-May-21,111.65,484.27,8669.49
17-May-21,111.59,484.21,8647.57
18-May-21,111.57,483.98,8574.98
19-May-21,111.43,482.95,8550.95
20-May-21,111.69,484.63,8641.98
21-May-21,111.73,485.24,8635.55
24-May-21,111.84,486.14,8722
25-May-21,112.11,488.13,8703.59
26-May-21,112.05,488,8720.04
27-May-21,112.01,487.58,8730.97
28-May-21,111.97,487.26,8738.77
01-Jun-21,111.91,486.95,8734.74
02-Jun-21,111.98,487.67,8748.3
03-Jun-21,111.81,486.7,8717.97
04-Jun-21,112.2,489.01,8795.08
07-Jun-21,112.14,488.69,8788.28
08-Jun-21,112.33,490.02,8790
09-Jun-21,112.56,491.75,8774.31
10-Jun-21,112.76,493.23,8815.56
11-Jun-21,112.66,493.01,8832.94
14-Jun-21,112.43,491.76,8851.17
15-Jun-21,112.42,491.76,8833.68
16-Jun-21,112.1,490.69,8786.18
17-Jun-21,112.43,492.86,8782.58
18-Jun-21,112.81,496.05,8667.76
21-Jun-21,112.48,493.8,8789.52
22-Jun-21,112.6,494.26,8834.56
23-Jun-21,112.47,493.58,8825.01
24-Jun-21,112.49,493.71,8877.06
25-Jun-21,112.26,493.2,8906.79
28-Jun-21,112.53,494.67,8927.4
29-Jun-21,112.58,495.18,8930.67
30-Jun-21,112.69,495.9,8942.78
01-Jul-21,112.66,495.61,8990.08
02-Jul-21,112.85,496.68,9058.66
06-Jul-21,113.14,498.27,9040.76
07-Jul-21,113.5,500.31,9071.14
08-Jul-21,113.69,500.66,8995.26
09-Jul-21,113.28,498.06,9096.84
12-Jul-21,113.23,497.9,9128.22
13-Jul-21,112.97,496.48,9096.15
14-Jul-21,113.33,498.65,9107.85
15-Jul-21,113.61,500.32,9078.33
16-Jul-21,113.55,499.91,9009.89
19-Jul-21,114.21,502.72,8867.07
20-Jul-21,114.05,501.23,9001.77
21-Jul-21,113.65,499.54,9075.97
22-Jul-21,113.9,501.26,9094.95
23-Jul-21,113.74,500.46,9187.64
26-Jul-21,113.68,500.22,9209.63
27-Jul-21,113.98,502.09,9166.27
28-Jul-21,114,502.66,9164.62
29-Jul-21,113.81,501.56,9204.25
30-Jul-21,114,502.69,9155.21
02-Aug-21,114.31,504.43,9138.36
03-Aug-21,114.33,504.29,9213.35
04-Aug-21,114.33,504.28,9170.76
05-Aug-21,114.09,502.87,9226.49
06-Aug-21,113.6,499.97,9243.03
09-Aug-21,113.48,498.69,9235.05
10-Aug-21,113.33,497.53,9244.22
11-Aug-21,113.36,497.32,9267.4
12-Aug-21,113.3,497.11,9297.2
13-Aug-21,113.71,499.49,9312.51
16-Aug-21,113.85,500.64,9337.18
17-Aug-21,113.82,500.26,9271.83
18-Aug-21,113.85,500.29,9173.93
19-Aug-21,114.03,501.12,9186.07
20-Aug-21,114,500.95,9261.31
23-Aug-21,114.02,501.23,9341.09
24-Aug-21,113.81,500.14,9355.11
25-Aug-21,113.55,498.79,9376
26-Aug-21,113.61,499.24,9321.74
27-Aug-21,113.83,500.67,9404.15
30-Aug-21,113.97,501.75,9445.24
31-Aug-21,113.83,501.19,9433.58
01-Sep-21,113.84,501.01,9437.15
02-Sep-21,113.95,501.92,9465.47
03-Sep-21,113.73,500.5,9462.54
07-Sep-21,113.48,498.78,9430.68
08-Sep-21,113.65,499.68,9418.57
09-Sep-21,113.95,501.82,9375.99
10-Sep-21,113.7,500.71,9304.03
13-Sep-21,113.86,502.21,9325.29
14-Sep-21,114.16,504,9273.99
15-Sep-21,114.05,503.36,9352.83
16-Sep-21,113.86,502.14,9338.61
17-Sep-21,113.66,501.22,9253.57
20-Sep-21,114.05,503.23,9096.52
21-Sep-21,114.02,503.04,9089.55
22-Sep-21,114.08,503.99,9176.08
23-Sep-21,113.41,500.47,9287.8
24-Sep-21,113.15,499.27,9301.49
27-Sep-21,113,498.66,9275.87
28-Sep-21,112.63,495.98,9087.47
29-Sep-21,112.73,496.52,9102.62
30-Sep-21,112.77,496.09,8994.83
01-Oct-21,113.04,497.49,9098.25
04-Oct-21,112.96,497.07,8980.64
05-Oct-21,112.7,495.5,9076.19
06-Oct-21,112.78,495.77,9113.45
07-Oct-21,112.47,493.85,9191.19
08-Oct-21,112.27,492.2,9173.74
12-Oct-21,112.53,493.92,9088.73
13-Oct-21,112.71,495.35,9116.39
14-Oct-21,112.84,496.47,9272.97
15-Oct-21,112.54,495.25,9342.15
18-Oct-21,112.53,495.61,9373.68
19-Oct-21,112.24,493.62,9443.12
20-Oct-21,112.13,492.64,9477.82
21-Oct-21,111.94,491.69,9506.91
22-Oct-21,112.18,493.29,9496.86
25-Oct-21,112.23,493.53,9541.99
26-Oct-21,112.38,494.92,9559.39
27-Oct-21,112.82,497.87,9511.27
28-Oct-21,112.64,496.69,9605.23
29-Oct-21,112.67,496.97,9625.02
01-Nov-21,112.58,496,9642.44
02-Nov-21,112.79,497.12,9677.95
03-Nov-21,112.52,495.77,9740.47
04-Nov-21,112.92,498.22,9782.48
05-Nov-21,113.33,501.14,9819.98
08-Nov-21,113.12,500.39,9828.81
09-Nov-21,113.5,502.52,9795.12
10-Nov-21,112.76,498.25,9716.72
12-Nov-21,112.63,497.09,9793.22
15-Nov-21,112.3,494.42,9793.53
16-Nov-21,112.25,493.46,9831.91
17-Nov-21,112.5,494.63,9808.27
18-Nov-21,112.59,495.27,9842.35
19-Nov-21,112.8,496.72,9828.8
22-Nov-21,112.3,493.87,9798.29
23-Nov-21,111.95,490.7,9814.65
24-Nov-21,112.27,492.31,9837.6
26-Nov-21,113.24,496.89,9614.25
29-Nov-21,113.03,495.22,9741.78
30-Nov-21,113.41,497.45,9558.33
01-Dec-21,113.55,498.02,9446.21
02-Dec-21,113.41,497.24,9581.79
03-Dec-21,113.8,499.81,9501.28
06-Dec-21,113.39,498.34,9613.02
07-Dec-21,113.08,498.02,9812.2
08-Dec-21,112.71,495.42,9842.68
09-Dec-21,112.86,496.07,9773.19
10-Dec-21,112.85,495.83,9866.62
13-Dec-21,113.26,498.28,9776.69
14-Dec-21,113.14,496.94,9705.06
15-Dec-21,112.94,495.29,9863.92
16-Dec-21,113.1,496.29,9778.09
17-Dec-21,113.32,497.34,9678.03
20-Dec-21,113.23,496.02,9567.91
21-Dec-21,112.99,495.33,9738.73
22-Dec-21,113.09,496.42,9838.9
23-Dec-21,112.84,495.2,9900.3
27-Dec-21,112.88,495.99,10037.67
28-Dec-21,112.83,496.1,10027.53
29-Dec-21,112.5,494.09,10041.61
30-Dec-21,112.76,495.74,10012.51
31-Dec-21,112.77,496.03,9986.7
03-Jan-22,112.01,492.22,10050.41
04-Jan-22,111.95,491.07,10044.75
05-Jan-22,111.66,490.01,9850.7
06-Jan-22,111.56,489.2,9841.92
07-Jan-22,111.33,487.72,9803.85
10-Jan-22,111.32,487.17,9789.72
11-Jan-22,111.5,488.21,9879.39
12-Jan-22,111.45,487.87,9907.38
13-Jan-22,111.7,488.92,9767.35
14-Jan-22,111.17,485.4,9775.53
18-Jan-22,110.61,481.77,9595.93
19-Jan-22,110.84,483.09,9503.14
20-Jan-22,110.99,483.63,9398.96
21-Jan-22,111.39,484.97,9221.28
24-Jan-22,111.27,483.25,9246.84
25-Jan-22,111.17,482.88,9134.33
26-Jan-22,110.65,480.57,9120.75
27-Jan-22,111.01,481.54,9072.24
28-Jan-22,111.1,480.84,9294.21
31-Jan-22,111.03,480.73,9469.92
01-Feb-22,110.94,480.75,9534.95
02-Feb-22,111.08,481.98,9624.89
03-Feb-22,110.79,479.38,9390.57
04-Feb-22,110.16,475.26,9440.58
07-Feb-22,110.21,475.39,9405.84
08-Feb-22,109.94,474.35,9484.95
09-Feb-22,109.98,475.14,9623.84
10-Feb-22,109.13,470.78,9450.72
11-Feb-22,109.85,473.53,9271.8
14-Feb-22,109.34,470.3,9236.86
15-Feb-22,109.1,468.59,9383.57
16-Feb-22,109.33,468.54,9393.09
17-Feb-22,109.64,469.13,9195.35
18-Feb-22,109.91,469.65,9130.81
22-Feb-22,109.9,469.18,9038.32
23-Feb-22,109.48,466.47,8871.95
24-Feb-22,109.61,465.45,9005.37
25-Feb-22,109.59,467,9207.85
28-Feb-22,110.37,471.52,9186.37
01-Mar-22,111.03,474.53,9044.47
02-Mar-22,109.78,467.62,9213.39
03-Mar-22,110.09,469.52,9166.13
04-Mar-22,110.71,471.71,9094.04
07-Mar-22,110.41,467.88,8825.72
08-Mar-22,109.93,463.78,8762.11
09-Mar-22,109.55,462.75,8988.65
10-Mar-22,109.16,459.71,8950.9
11-Mar-22,109.16,459.33,8835.4
14-Mar-22,108.3,454.07,8771.75
15-Mar-22,108.27,454.21,8959.74
16-Mar-22,108.29,457.25,9160.51
17-Mar-22,108.09,458.96,9274.17
18-Mar-22,108.34,461.27,9382.43
21-Mar-22,107.41,457.25,9378.84
22-Mar-22,107.03,455.51,9484.86
23-Mar-22,107.61,458.99,9368.98
24-Mar-22,107.3,456.56,9504.19
25-Mar-22,106.61,453.59,9552.4
28-Mar-22,106.76,455,9620.66
29-Mar-22,107.05,458.08,9738.6
30-Mar-22,107.31,460.01,9678.3
31-Mar-22,107.37,460.38,9527.46
01-Apr-22,107.1,459.69,9559.95
04-Apr-22,107.06,459.75,9637.37
05-Apr-22,106.27,456.25,9517.94
06-Apr-22,106.1,453.69,9425.49
07-Apr-22,105.98,452.7,9466.76
08-Apr-22,105.59,449.61,9441.84
11-Apr-22,105.28,446.7,9282.48
12-Apr-22,105.56,446.93,9251.07
13-Apr-22,105.67,446.42,9356.21
14-Apr-22,105.01,443.14,9242.58
18-Apr-22,104.89,441.89,9240.69
19-Apr-22,104.45,439.27,9389.21
20-Apr-22,104.97,442.15,9383.54
21-Apr-22,104.6,439.93,9245.86
22-Apr-22,104.53,437.96,8989.51
25-Apr-22,104.91,439.62,9040.86
26-Apr-22,105.36,442.15,8786.47
27-Apr-22,105.01,439.61,8805
28-Apr-22,104.93,438.74,9023.42
29-Apr-22,104.5,436.25,8696.65
02-May-22,104.05,432.93,8746.05
03-May-22,104.14,434.12,8788.36
04-May-22,104.53,436.31,9050.9
05-May-22,103.83,433.65,8729.21
06-May-22,103.45,430.52,8680.97
09-May-22,103.93,431.76,8403.5
10-May-22,104.11,432.71,8424.2
11-May-22,104.5,435.25,8285.82
12-May-22,104.65,435.48,8278.04
13-May-22,104.28,433.08,8476.57
16-May-22,104.44,433.36,8443.55
17-May-22,103.92,430.72,8614.31
18-May-22,104.42,432.63,8268.32
19-May-22,104.62,433.09,8220.97
20-May-22,104.93,434.7,8222.31
23-May-22,104.51,432.86,8375.87
24-May-22,105.16,436.94,8307.97
25-May-22,105.31,439.34,8386.62
26-May-22,105.25,441.09,8553.68
27-May-22,105.28,442.16,8766.83
31-May-22,104.7,439.97,8712.6
01-Jun-22,104.39,439.17,8648.28
02-Jun-22,104.44,439.27,8809.18
03-Jun-22,104.33,438.49,8665.8
06-Jun-22,103.8,435.72,8693.06
07-Jun-22,104.06,437.08,8776.09
08-Jun-22,103.81,435.79,8681.68
09-Jun-22,103.78,435.23,8475.91
10-Jun-22,103.17,431.12,8229.43
13-Jun-22,102,422.89,7910.43
14-Jun-22,101.52,420.49,7883.34
15-Jun-22,102.34,425.61,7998.62
16-Jun-22,102.67,425.57,7739.39
17-Jun-22,102.69,426.22,7756.59
21-Jun-22,102.32,424.29,7946.89
22-Jun-22,103.17,427.22,7936.67
23-Jun-22,103.5,428.45,8012.68
24-Jun-22,103.2,427.37,8257.72
27-Jun-22,102.89,425.98,8233.42
28-Jun-22,102.98,425.73,8067.56
29-Jun-22,103.46,427.83,8062.72
30-Jun-22,103.87,428.73,7993.43
01-Jul-22,104.46,431.33,8077.89
05-Jul-22,104.74,432.24,8092.15
06-Jul-22,104.12,430.13,8121.21
07-Jul-22,103.77,429.8,8243.69
08-Jul-22,103.39,428.71,8237.5
11-Jul-22,103.88,431.82,8142.68
12-Jul-22,104.04,432.31,8067.56
13-Jul-22,104.21,433.39,8031.76
14-Jul-22,103.91,431.59,8008.71
15-Jul-22,104.12,433.35,8162.5
18-Jul-22,103.89,432.99,8094.23
19-Jul-22,103.62,432.14,8318.2
20-Jul-22,103.63,432.93,8367.37
21-Jul-22,104.34,436.55,8450.64
22-Jul-22,105.04,440.61,8371.87
25-Jul-22,104.76,438.44,8382.88
