Date,Vanguard ETF,S&P 500
22-07-21,0.0021275,0.002016661
21-07-21,0.008404846,0.008241847
20-07-21,0.014129211,0.015162652
19-07-21,-0.014951716,-0.015869531
16-07-21,-0.007780446,-0.007538939
15-07-21,-0.003216877,-0.003262236
14-07-21,0.001373421,0.00116497
13-07-21,-0.0033846,-0.00351683
12-07-21,0.00362165,0.003451156
09-07-21,0.010550493,0.011277952
08-07-21,-0.007962541,-0.008561011
07-07-21,0.003442211,0.003359011
06-07-21,-0.001880878,-0.002021901
02-07-21,0.007606004,0.007500104
01-07-21,0.005641391,0.00522164
30-06-21,0.000915658,0.001328114
29-06-21,-0.002941773,0.00027735
28-06-21,0.002083863,0.002315042
25-06-21,0.003698508,0.003330607
24-06-21,0.005720589,0.005811157
23-06-21,-0.001076261,-0.00108326
22-06-21,0.005306816,0.005124515
21-06-21,0.014001358,0.014002328
18-06-21,-0.013274222,-0.013124547
17-06-21,-0.000360722,-0.000435637
16-06-21,-0.005483664,-0.005390207
15-06-21,-0.002096811,-0.00201168
14-06-21,0.002512241,0.001815211
11-06-21,0.001746231,0.00194849
10-06-21,0.004617925,0.004652155
09-06-21,-0.001571234,-0.001823876
08-06-21,0.000154571,0.000175085
07-06-21,-0.000849421,-0.000796711
04-06-21,0.0090647,0.008834087
03-06-21,-0.00380356,-0.003628699
02-06-21,0.00168468,0.001446916
01-06-21,-0.00077694,-0.000492375
28-05-21,0.001946131,0.000768887
27-05-21,0.000441318,0.001165398
26-05-21,0.001820499,0.001876733
25-05-21,-0.002102149,-0.002125302
24-05-21,0.010092537,0.009911306
21-05-21,-0.00075964,-0.00078382
20-05-21,0.010668996,0.010554756
19-05-21,-0.002640403,-0.002943435
18-05-21,-0.008638065,-0.008517302
17-05-21,-0.002402402,-0.002530038
14-05-21,0.015351575,0.014917933
13-05-21,0.011885279,0.012173151
12-05-21,-0.021346427,-0.021449387
11-05-21,-0.008770788,-0.008673895
10-05-21,-0.009793057,-0.010435666
07-05-21,0.007137666,0.007373346
06-05-21,0.00813774,0.008165391
05-05-21,0.000183198,0.000703539
04-05-21,-0.006086776,-0.006678338
03-05-21,0.002268165,0.002748035
30-04-21,-0.006604165,-0.007194638
29-04-21,0.006674314,0.006762798
28-04-21,-0.000469068,-0.000845531
27-04-21,-0.000312614,-0.000214919
26-04-21,0.002166932,0.001782224
23-04-21,0.010659912,0.010928711
22-04-21,-0.009176471,-0.009210671
21-04-21,0.009394627,0.00930606
20-04-21,-0.007334835,-0.006802362
19-04-21,-0.004926622,-0.005306453
16-04-21,0.003505192,0.003608749
15-04-21,0.010734209,0.011094248
14-04-21,-0.00321518,-0.004087802
13-04-21,0.002721843,0.003294582
12-04-21,0.000449438,-0.000196183
09-04-21,0.007189455,0.007719963
08-04-21,0.004869826,0.00422064
07-04-21,0.001259176,0.00147523
06-04-21,-0.000562294,-0.000973538
05-04-21,0.014423077,0.014438278
01-04-21,0.010595663,0.011825145
31-03-21,0.003968473,0.003622539
30-03-21,-0.00255642,-0.003157823
29-03-21,-0.000604379,-0.000868025
26-03-21,0.012742398,0.016631198
25-03-21,0.005623636,0.005240233
24-03-21,-0.005536852,-0.005467304
23-03-21,-0.007346646,-0.007630837
22-03-21,0.007905799,0.007025121
19-03-21,-0.00177842,-0.000602739
18-03-21,-0.014702661,-0.0147605
17-03-21,0.003268782,0.002879343
16-03-21,-0.001124952,-0.001569689
15-03-21,0.005795342,0.006491959
12-03-21,0.001409424,0.001015399
11-03-21,0.010556595,0.01039548
10-03-21,0.006182033,0.006030283
09-03-21,0.013990198,0.014154684
08-03-21,-0.004905158,-0.005359272
05-03-21,0.018334585,0.019495976
04-03-21,-0.012319626,-0.013417214
03-03-21,-0.013198255,-0.013066204
02-03-21,-0.007734837,-0.008080844
01-03-21,0.024400011,0.023790719
26-02-21,-0.005490442,-0.004750166
25-02-21,-0.023989338,-0.024478847
24-02-21,0.011060581,0.011351662
23-02-21,0.001264862,0.001256288
22-02-21,-0.007864135,-0.007732849
19-02-21,-0.001837161,-0.001854894
18-02-21,-0.004268411,-0.004415808
17-02-21,0.000221785,-0.0003204
16-02-21,-0.000941698,-0.000569275
12-02-21,0.005094371,0.004710983
11-02-21,0.001617221,0.001662455
10-02-21,-0.000390211,-0.00034516
09-02-21,-0.000807642,-0.001113498
08-02-21,0.007378521,0.007399346
05-02-21,0.003999775,0.003897472
04-02-21,0.011193711,0.010853304
03-02-21,0.00099789,0.001008805
02-02-21,0.014373717,0.013898237
01-02-21,0.016432477,0.016051736
29-01-21,-0.020021318,-0.019311503
28-01-21,0.008395306,0.009760662
27-01-21,-0.024263039,-0.025677859
26-01-21,-0.001500014,-0.001488836
25-01-21,0.004063654,0.003615803
22-01-21,-0.003567788,-0.003010586
21-01-21,0.000935295,0.000316731
20-01-21,0.013588049,0.013935576
19-01-21,0.007904566,0.008136403
15-01-21,-0.00712951,-0.007190018
14-01-21,-0.003380798,-0.003753438
13-01-21,0.002498851,0.002275603
12-01-21,8.61747E-05,0.000415832
11-01-21,-0.006535015,-0.006554797
08-01-21,0.005624749,0.005491891
07-01-21,0.014941893,0.014847364
06-01-21,0.006065756,0.005709901
05-01-21,0.006577589,0.00708254
04-01-21,-0.01355873,-0.014754784
31-12-20,0.005382478,0.006438838
30-12-20,0.001347433,0.001341547
29-12-20,-0.002104586,-0.002227362
28-12-20,0.00869796,0.008722516
24-12-20,0.003996329,0.003536576
23-12-20,0.000799905,0.000745811
22-12-20,-0.006036691,-0.002073117
21-12-20,-0.003082433,-0.003906282
18-12-20,-0.004005731,-0.0035111
17-12-20,0.005438617,0.005757639
16-12-20,0.001531033,0.001772848
15-12-20,0.013820483,0.012921214
14-12-20,-0.004575843,-0.004359267
11-12-20,-0.00127604,-0.00126496
10-12-20,-0.00047458,-0.001285116
09-12-20,-0.008878175,-0.00794922
08-12-20,0.002889321,0.002787137
07-12-20,-0.001853977,-0.001935595
04-12-20,0.00860764,0.008836235
03-12-20,-0.000296727,-0.000624147
02-12-20,0.00211121,0.001791151
01-12-20,0.011002886,0.011271168
30-11-20,-0.004489136,-0.00459549
27-11-20,0.002851226,0.002396925
25-11-20,-0.001647989,-0.001584416
24-11-20,0.01619877,0.016161718
23-11-20,0.00591136,0.005635917
20-11-20,-0.006693237,-0.006792541
19-11-20,0.004185507,0.003946421
18-11-20,-0.012132553,-0.011563832
17-11-20,-0.004984985,-0.004791958
16-11-20,0.012127291,0.011648048
13-11-20,0.013585952,0.013610366
12-11-20,-0.009248237,-0.009978559
11-11-20,0.00703879,0.007651888
10-11-20,-0.001289293,-0.001399803
09-11-20,0.012463092,0.011699872
06-11-20,-0.000124305,-0.000287712
05-11-20,0.019581129,0.019460191
04-11-20,0.022516685,0.022047038
03-11-20,0.017638719,0.017799314
02-11-20,0.011640318,0.012318193
30-10-20,-0.011245589,-0.012129506
29-10-20,0.010530876,0.011947307
28-10-20,-0.034430608,-0.035287907
27-10-20,-0.0033034,-0.003025607
26-10-20,-0.018416496,-0.018589538
23-10-20,0.003411568,0.00344579
22-10-20,0.005494855,0.005218945
21-10-20,-0.001807172,-0.002195683
20-10-20,0.003946908,0.004727277
19-10-20,-0.015110192,-0.016329823
16-10-20,-0.000845706,0.000134928
15-10-20,-0.001188837,-0.001527803
14-10-20,-0.006249028,-0.006623139
13-10-20,-0.006394415,-0.006306908
12-10-20,0.016134095,0.016418713
09-10-20,0.008898882,0.008790686
08-10-20,0.00884984,0.008007136
07-10-20,0.017158456,0.017405793
06-10-20,-0.013970777,-0.013988025
05-10-20,0.017475222,0.017975535
02-10-20,-0.009302326,-0.009571699
01-10-20,0.006338372,0.005292893
30-09-20,0.007697347,0.008253709
29-09-20,-0.009923466,-0.004812627
28-09-20,0.016750198,0.016110549
25-09-20,0.0160134,0.015976763
24-09-20,0.002754636,0.002987408
23-09-20,-0.02316729,-0.023721411
22-09-20,0.010109715,0.010517942
21-09-20,-0.010852459,-0.011571124
18-09-20,-0.011633559,-0.01118257
17-09-20,-0.008737272,-0.008412372
16-09-20,-0.004031097,-0.004618958
15-09-20,0.005145191,0.005219386
14-09-20,0.012997589,0.012741809
11-09-20,0.000749796,0.000533063
10-09-20,-0.017488229,-0.017584791
09-09-20,0.019727602,0.020145025
08-09-20,-0.027476018,-0.027756379
04-09-20,-0.008003529,-0.008132999
03-09-20,-0.034617023,-0.035125836
02-09-20,0.014567002,0.015365857
01-09-20,0.009345212,0.007525048
31-08-20,-0.003507683,-0.002194977
28-08-20,0.006498578,0.006732577
27-08-20,0.002003569,0.001673024
26-08-20,0.010215054,0.010195666
25-08-20,0.003490955,0.003596326
24-08-20,0.010162536,0.010043684
21-08-20,0.003571199,0.003441136
20-08-20,0.003162923,0.003158659
19-08-20,-0.004242191,-0.004404416
18-08-20,0.00209333,0.002303378
17-08-20,0.003230913,0.002709874
14-08-20,0,-0.000171932
13-08-20,-0.001709457,-0.002047125
12-08-20,0.013699526,0.013996502
11-08-20,-0.008075501,-0.007969123
10-08-20,0.003188444,0.002742236
07-08-20,0.000520833,0.000632995
06-08-20,0.006718008,0.006427728
05-08-20,0.006232276,0.00642974
04-08-20,0.004205437,0.00361196
03-08-20,0.006297901,0.007181027
31-07-20,0.008366654,0.00767046
30-07-20,-0.003649146,-0.003750261
29-07-20,0.012096364,0.012428381
28-07-20,-0.006195912,-0.006473401
27-07-20,0.007292585,0.007395129
24-07-20,-0.006470311,-0.006190391
23-07-20,-0.011953518,-0.012319827
22-07-20,0.005692663,0.005747091
21-07-20,0.002080467,0.001679049
20-07-20,0.008323465,0.008406905
17-07-20,0.002646131,0.00284864
16-07-20,-0.002909042,-0.003406104
15-07-20,0.008872812,0.009082039
14-07-20,0.013383594,0.013406355
13-07-20,-0.009047293,-0.00936252
10-07-20,0.010038075,0.010466205
09-07-20,-0.00509677,-0.00564364
08-07-20,0.007424369,0.007827502
07-07-20,-0.010368743,-0.010818563
06-07-20,0.015515498,0.015881738
02-07-20,0.005046081,0.004541282
01-07-20,0.006844724,0.005022111
30-06-20,0.013335717,0.01540986
29-06-20,0.009346469,0.014685698
26-06-20,-0.023435297,-0.024226918
25-06-20,0.0105773,0.01095947
24-06-20,-0.025576069,-0.025855159
23-06-20,0.004531827,0.004307442
22-06-20,0.006632277,0.006495058
19-06-20,-0.005895486,-0.005649464
18-06-20,0.000907821,0.000594189
17-06-20,-0.004587794,-0.0036003
16-06-20,0.019560595,0.018962431
15-06-20,0.009118541,0.008312208
12-06-20,0.012051245,0.013060857
11-06-20,-0.057635905,-0.058944122
10-06-20,-0.00623602,-0.005313079
09-06-20,-0.007100313,-0.007799183
08-06-20,0.012124928,0.012041591
05-06-20,0.02556848,0.026211705
04-06-20,-0.002543377,-0.003368696
03-06-20,0.013202485,0.013648964
02-06-20,0.008221518,0.008210804
01-06-20,0.004361037,0.003751261
29-05-20,0.00448833,0.00481231
28-05-20,-0.001970973,-0.002107947
27-05-20,0.014579697,0.014827343
26-05-20,0.012852145,0.012289161
22-05-20,0.002251421,0.002353731
21-05-20,-0.007182118,-0.007773564
20-05-20,0.016311634,0.016651043
19-05-20,-0.009443707,-0.010484409
18-05-20,0.030565693,0.031501205
15-05-20,0.004506225,0.00392638
14-05-20,0.012058437,0.011524823
13-05-20,-0.017729016,-0.017462684
12-05-20,-0.020124991,-0.020543831
11-05-20,0.000148821,0.000177487
08-05-20,0.016719625,0.016871501
07-05-20,0.011826846,0.011504624
06-05-20,-0.006729015,-0.006979403
05-05-20,0.009208103,0.009040574
04-05-20,0.003156031,0.004249817
01-05-20,-0.027255709,-0.028059043
30-04-20,-0.00872147,-0.00921242
29-04-20,0.025772803,0.026583874
28-04-20,-0.004622963,-0.00524235
27-04-20,0.014453756,0.014714073
24-04-20,0.014507449,0.013918078
23-04-20,-0.000194955,-0.000539419
22-04-20,0.021996414,0.022930248
21-04-20,-0.030557058,-0.030674847
20-04-20,-0.018019043,-0.017880997
17-04-20,0.027599111,0.026793592
16-04-20,0.005054067,0.005816711
15-04-20,-0.021769125,-0.022030456
14-04-20,0.030530432,0.030572524
13-04-20,-0.009700004,-0.010104595
09-04-20,0.014845394,0.014487378
08-04-20,0.033940737,0.034056426
07-04-20,0.000533815,-0.001603045
06-04-20,0.068020349,0.070331304
03-04-20,-0.014777048,-0.015137125
02-04-20,0.023391554,0.022829387
01-04-20,-0.045055316,-0.044142398
31-03-20,-0.014850867,-0.016012792
30-03-20,0.032337027,0.033516036
27-03-20,-0.030719281,-0.033687316
26-03-20,0.060100609,0.062414161
25-03-20,0.012826816,0.01153502
24-03-20,0.095363979,0.093827657
23-03-20,-0.030701338,-0.029293858
20-03-20,-0.04356903,-0.043359523
19-03-20,0.000863048,0.004707894
18-03-20,-0.054663346,-0.051830823
17-03-20,0.065471016,0.059954822
16-03-20,-0.117388144,-0.119840503
13-03-20,0.093429883,0.092871195
12-03-20,-0.096717585,-0.09511268
11-03-20,-0.049581138,-0.048868411
10-03-20,0.046408314,0.049396336
09-03-20,-0.077162414,-0.075969681
06-03-20,-0.016771639,-0.01705391
05-03-20,-0.033497982,-0.033922022
04-03-20,0.041443269,0.042202592
03-03-20,-0.027583049,-0.02810794
02-03-20,0.044638257,0.046039225
28-02-20,-0.006035334,-0.008238327
27-02-20,-0.044324816,-0.044163279
26-02-20,-0.004419851,-0.003778519
25-02-20,-0.030043208,-0.030280016
24-02-20,-0.033443179,-0.033513594
21-02-20,-0.010364869,-0.010518109
20-02-20,-0.003923839,-0.003815543
19-02-20,0.004815306,0.004705827
18-02-20,-0.002739461,-0.00291998
14-02-20,0.001678719,0.001843542
13-02-20,-0.000967555,-0.001630443
12-02-20,0.006426902,0.006462661
11-02-20,0.00182102,0.001688499
10-02-20,0.007172567,0.00732636
07-02-20,-0.005083255,-0.005400833
06-02-20,0.00340036,0.003325646
05-02-20,0.011308402,0.011250641
04-02-20,0.015410959,0.014980363
03-02-20,0.007271129,0.007254644
31-01-20,-0.017934837,-0.017705853
30-01-20,0.003131767,0.003134356
29-01-20,-0.000998502,-0.000866847
28-01-20,0.010833361,0.010053551
27-01-20,-0.015892461,-0.015730685
24-01-20,-0.009120436,-0.009042141
23-01-20,0.000985189,0.001140965
22-01-20,0.000262786,0.000289088
21-01-20,-0.002065168,-0.002651954
17-01-20,0.003387824,0.003862145
16-01-20,0.008357932,0.008366547
15-01-20,0.002227097,0.001870155
14-01-20,-0.001327845,-0.001514539
13-01-20,0.00661632,0.006976281
10-01-20,-0.00286552,-0.002855223
09-01-20,0.00691136,0.006655293
08-01-20,0.00515968,0.004902415
07-01-20,-0.002757693,-0.002803209
06-01-20,0.003746962,0.003533394
03-01-20,-0.00730514,-0.007059871
02-01-20,0.008857336,0.008378782
31-12-19,0.002575922,0.002946025
30-12-19,-0.00549432,-0.005780829
27-12-19,0,3.39516E-05
26-12-19,0.005115869,0.005128157
24-12-19,0,-0.000195409
23-12-19,-0.003847452,0.000866131
20-12-19,0.005088195,0.004944827
19-12-19,0.004155596,0.004459221
18-12-19,6.81292E-05,-0.00043226
17-12-19,0.000204429,0.000335271
16-12-19,0.00706835,0.007147816
13-12-19,0.000377579,7.25879E-05
12-12-19,0.008795318,0.008575166
11-12-19,0.002603805,0.002908202
10-12-19,-0.000936492,-0.001096953
09-12-19,-0.003042982,-0.003162837
06-12-19,0.008896176,0.00913573
05-12-19,0.001852434,0.001500276
04-12-19,0.006401914,0.006323548
03-12-19,-0.007020608,-0.006638042
02-12-19,-0.008141348,-0.008631064
29-11-19,-0.003830756,-0.004011251
27-11-19,0.004715673,0.004174468
26-11-19,0.002015148,0.00219553
25-11-19,0.007596709,0.007507339
22-11-19,0.002210371,0.002174936
21-11-19,-0.001541372,-0.001582777
20-11-19,-0.003525675,-0.003756194
19-11-19,-0.000488469,-0.000592563
18-11-19,0.000628426,0.000503131
15-11-19,0.007456649,0.007695462
14-11-19,0.001338358,0.000837093
13-11-19,0.000422818,0.00071155
12-11-19,0.001977052,0.001564621
11-11-19,-0.001937984,-0.001962445
08-11-19,0.002437215,0.002560629
07-11-19,0.003544717,0.002730127
06-11-19,0.00053199,0.000702526
05-11-19,-0.001275149,-0.001185731
04-11-19,0.00398293,0.003704054
01-11-19,0.009513552,0.009662361
31-10-19,-0.003220612,-0.003022873
30-10-19,0.00351923,0.003253328
29-10-19,-0.000645972,-0.000832396
28-10-19,0.005811435,0.00558138
25-10-19,0.004168328,0.004072697
24-10-19,0.00163375,0.00192044
23-10-19,0.002949423,0.002847139
22-10-19,-0.003519594,-0.003568673
21-10-19,0.006978699,0.006871609
18-10-19,-0.004111782,-0.003919345
17-10-19,0.002699942,0.002762828
16-10-19,-0.001566427,-0.001999546
15-10-19,0.009673385,0.009955666
14-10-19,-0.000918679,-0.001387079
11-10-19,0.010433685,0.010938931
10-10-19,0.006803738,0.006415702
09-10-19,0.0093197,0.009104547
08-10-19,-0.015526912,-0.015560826
07-10-19,-0.004290417,-0.004478305
04-10-19,0.013874827,0.014216853
03-10-19,0.007937408,0.007971991
02-10-19,-0.017637012,-0.01790324
01-10-19,-0.012032282,-0.012258377
30-09-19,0.00493991,0.005047623
27-09-19,-0.00560871,-0.005316326
26-09-19,-0.006699924,-0.002428917
25-09-19,0.006118113,0.006158565
24-09-19,-0.00828368,-0.008416394
23-09-19,0.000690783,-9.69229E-05
20-09-19,-0.005352041,-0.004895586
19-09-19,-0.000216928,1.99552E-05
18-09-19,0.000615006,0.000342682
17-09-19,0.002720644,0.002581756
16-09-19,-0.003290187,-0.003135609
13-09-19,-0.000253027,-0.000724356
12-09-19,0.002936485,0.002879107
11-09-19,0.007193194,0.007229668
10-09-19,0.00021913,0.000322317
09-09-19,0.000255717,-9.40004E-05
06-09-19,0.000731154,0.000910618
05-09-19,0.013223692,0.013009824
04-09-19,0.010707199,0.010842076
03-09-19,-0.005547282,-0.00689912
30-08-19,-0.000409363,0.000642827
29-08-19,0.013006107,0.012687244
28-08-19,0.006946817,0.00654547
27-08-19,-0.003932393,-0.003203191
26-08-19,0.011086898,0.010983067
23-08-19,-0.025664904,-0.02594639
22-08-19,-0.000372356,-0.000506082
21-08-19,0.008108108,0.008246826
20-08-19,-0.007747318,-0.007914764
19-08-19,0.012291682,0.012105875
16-08-19,0.014652435,0.014426183
15-08-19,0.003146947,0.002464268
14-08-19,-0.03011241,-0.029292764
13-08-19,0.01549743,0.014762029
12-08-19,-0.011729548,-0.011957583
09-08-19,-0.006973811,-0.006616543
08-08-19,0.019514409,0.018762266
07-08-19,0.000681199,0.00076689
06-08-19,0.012879485,0.013017007
05-08-19,-0.029500391,-0.029777801
02-08-19,-0.007311939,-0.007282737
01-08-19,-0.008385821,-0.008998852
31-07-19,-0.011331958,-0.01088551
30-07-19,-0.002419821,-0.002578642
29-07-19,-0.001802581,-0.001616069
26-07-19,0.007152972,0.007387629
25-07-19,-0.004877873,-0.005262356
24-07-19,0.004609968,0.004688119
23-07-19,0.006871094,0.006847502
22-07-19,0.002418025,0.002828721
19-07-19,-0.005356752,-0.006176735
18-07-19,0.003657377,0.003581936
17-07-19,-0.006756757,-0.006531205
16-07-19,-0.003258744,-0.003403775
15-07-19,0.000253522,0.000175859
12-07-19,0.004913379,0.004620139
11-07-19,0.002005762,0.002285279
10-07-19,0.004653037,0.004510627
09-07-19,0.001247249,0.00123658
08-07-19,-0.005000548,-0.004835457
05-07-19,-0.001275882,-0.001805849
03-07-19,0.007677332,0.007672359
02-07-19,0.002910404,0.002928149
01-07-19,0.008508267,0.007672278
28-06-19,0.005529196,0.005757422
27-06-19,-0.001678353,0.003823212
26-06-19,-0.000968776,-0.001233984
25-06-19,-0.00988711,-0.009496325
24-06-19,-0.001289562,-0.001731933
21-06-19,-0.00117764,-0.001259233
20-06-19,0.00932323,0.009472195
19-06-19,0.002644222,0.002985177
18-06-19,0.009967652,0.009717373
17-06-19,0.000903546,0.00093177
14-06-19,-0.001503646,-0.001611542
13-06-19,0.00445552,0.00409745
12-06-19,-0.001884375,-0.00203762
11-06-19,-0.000188402,-0.000349877
10-06-19,0.004694302,0.004660082
07-06-19,0.009979353,0.010497663
06-06-19,0.006503752,0.006135555
05-06-19,0.008460434,0.008161897
04-06-19,0.022013327,0.021432345
03-06-19,-0.002965951,-0.002765201
31-05-19,-0.013382755,-0.013195356
30-05-19,0.002777886,0.00209844
29-05-19,-0.006877526,-0.006911957
28-05-19,-0.008972236,-0.008375618
24-05-19,0.001735843,0.001353535
23-05-19,-0.011703709,-0.01191414
22-05-19,-0.00273733,-0.002824366
21-05-19,0.008473277,0.008495791
20-05-19,-0.006816191,-0.006749361
17-05-19,-0.006055789,-0.00583732
16-05-19,0.009166953,0.008895249
15-05-19,0.005916932,0.005838958
14-05-19,0.008681161,0.008016018
13-05-19,-0.024535007,-0.024130631
10-05-19,0.004671655,0.003720321
09-05-19,-0.00306702,-0.003021442
08-05-19,-0.001965082,-0.001605381
07-05-19,-0.016209384,-0.016511678
06-05-19,-0.003962229,-0.004471015
03-05-19,0.009494972,0.009638323
02-05-19,-0.001977317,-0.002123999
01-05-19,-0.007296026,-0.00750213
30-04-19,0.000630003,0.0009514
29-04-19,0.001261596,0.001071472
26-04-19,0.004584933,0.004685305
25-04-19,-0.00037262,-0.000368947
24-04-19,-0.001970993,-0.002191786
23-04-19,0.008627157,0.008841219
22-04-19,0.000976196,0.001012038
18-04-19,0.001880831,0.001579065
17-04-19,-0.002439116,-0.002273775
16-04-19,0.000713481,0.000509365
15-04-19,-0.000675473,-0.000629426
12-04-19,0.006762628,0.006609378
11-04-19,-0.000188865,3.80859E-05
10-04-19,0.003449191,0.003477868
09-04-19,-0.00531594,-0.006067471
08-04-19,0.000867892,0.00104745
05-04-19,0.004815348,0.004636399
04-04-19,0.002394436,0.002084638
03-04-19,0.001865814,0.002148408
02-04-19,0.000342818,1.74387E-05
01-04-19,0.011520382,0.011568586
29-03-19,0.006437103,0.006734294
28-03-19,0.003892868,0.003589544
27-03-19,-0.004649721,-0.00464438
26-03-19,0.007220076,0.007182778
25-03-19,-0.000896826,-0.000839073
22-03-19,-0.019010825,-0.018974528
21-03-19,0.005770784,0.010852516
20-03-19,-0.003565131,-0.002944323
19-03-19,0.000306772,-0.000130606
18-03-19,0.003578988,0.003705961
15-03-19,0.004872578,0.004984903
14-03-19,-0.00034792,-0.000868043
13-03-19,0.006811194,0.006949619
12-03-19,0.00355441,0.002953329
11-03-19,0.014583498,0.014666049
08-03-19,-0.002017006,-0.002131739
07-03-19,-0.00804237,-0.00812571
06-03-19,-0.006392765,-0.006524116
05-03-19,-0.001168042,-0.001131477
04-03-19,-0.003839739,-0.0038806
01-03-19,0.006873121,0.006895338
28-02-19,-0.002337632,-0.002825547
27-02-19,-0.000506231,-0.000544042
26-02-19,-0.000739328,-0.000790384
25-02-19,0.001480846,0.001231796
22-02-19,0.005998118,0.006411088
21-02-19,-0.003632671,-0.003526412
20-02-19,0.002309921,0.001777132
19-02-19,0.001725626,0.001498775
15-02-19,0.011022998,0.01087871
14-02-19,-0.00221554,-0.002651624
13-02-19,0.003015873,0.003023977
12-02-19,0.012943163,0.01289025
11-02-19,0.000522823,0.000709042
08-02-19,0.001288608,0.000676262
07-02-19,-0.009809004,-0.009357119
06-02-19,-0.001234568,-0.002224495
05-02-19,0.004440178,0.004708482
04-02-19,0.007130771,0.006776204
01-02-19,0.00084674,0.000898635
31-01-19,0.008334689,0.008597378
30-01-19,0.015817949,0.015549242
29-01-19,-0.001237471,-0.00145621
28-01-19,-0.007735756,-0.007846861
25-01-19,0.008503261,0.00848872
24-01-19,0.000991654,0.001375677
23-01-19,0.001489696,0.002202894
22-01-19,-0.013310469,-0.014157284
18-01-19,0.01344809,0.013183053
17-01-19,0.007462064,0.007591453
16-01-19,0.00221433,0.002221967
15-01-19,0.011708513,0.010721712
14-01-19,-0.005506747,-0.005257563
11-01-19,-0.000462185,-0.000146343
10-01-19,0.004177039,0.004518445
09-01-19,0.00462021,0.004098026
08-01-19,0.009715386,0.009695296
07-01-19,0.007502911,0.007010435
04-01-19,0.033006682,0.034335693
03-01-19,-0.023870603,-0.024756676
02-01-19,0.000783256,0.001268524
31-12-18,0.009000702,0.008492441
28-12-18,-0.001271651,-0.001241547
27-12-18,0.009294092,0.008562629
26-12-18,0.050588181,0.049593807
24-12-18,-0.027536625,-0.027112248
21-12-18,-0.019898072,-0.020588307
20-12-18,-0.016432743,-0.015772091
19-12-18,-0.015956078,-0.015395733
18-12-18,-0.000385885,8.64121E-05
17-12-18,-0.025691369,-0.020773476
14-12-18,-0.018451698,-0.019086677
13-12-18,-0.000327923,-0.000199919
12-12-18,0.00552304,0.005419489
11-12-18,0.0002886,-0.000356368
10-12-18,0.001197061,0.001762195
07-12-18,-0.023223934,-0.023320165
06-12-18,-0.002533682,-0.001522188
04-12-18,-0.031019836,-0.032364884
03-12-18,0.012348114,0.010941355
30-11-18,0.006631984,0.008185524
29-11-18,-0.002060793,-0.00219769
28-11-18,0.023360506,0.022973935
27-11-18,0.003132628,0.003261703
26-11-18,0.01566051,0.01553241
23-11-18,-0.006445521,-0.00655489
21-11-18,0.003336491,0.003043276
20-11-18,-0.018397218,-0.018151208
19-11-18,-0.016581176,-0.016643094
16-11-18,0.002551325,0.00222328
15-11-18,0.010351216,0.010593801
14-11-18,-0.006840274,-0.007567464
13-11-18,-0.001677249,-0.001481905
12-11-18,-0.01930759,-0.019701475
09-11-18,-0.009234828,-0.00919899
08-11-18,-0.001704369,-0.002508982
07-11-18,0.021121747,0.021208877
06-11-18,0.006328862,0.006259335
05-11-18,0.00568432,0.005600317
02-11-18,-0.006205991,-0.006316665
01-11-18,0.010370192,0.010557797
31-10-18,0.01047886,0.010851291
30-10-18,0.015298969,0.015666824
29-10-18,-0.005169019,-0.006559621
26-10-18,-0.017690913,-0.017327218
25-10-18,0.017925999,0.018625052
24-10-18,-0.029847182,-0.03086449
23-10-18,-0.006012658,-0.005511851
22-10-18,-0.004136301,-0.004299475
19-10-18,-0.000787247,-0.00036117
18-10-18,-0.014048977,-0.014391946
17-10-18,0.000349406,-0.000252676
16-10-18,0.021291781,0.021495643
15-10-18,-0.005481073,-0.005905035
12-10-18,0.013508113,0.014206284
11-10-18,-0.021048513,-0.020573074
10-10-18,-0.032294703,-0.032864176
09-10-18,-0.00128559,-0.001417958
08-10-18,-0.00026461,-0.000395069
05-10-18,-0.00563825,-0.005527966
04-10-18,-0.00820161,-0.008169516
03-10-18,0.000858177,0.000711493
02-10-18,-0.000111924,-0.000396637
01-10-18,0.003707171,0.003641068
28-09-18,-0.000112326,-6.86342E-06
27-09-18,0.002778404,0.002763277
26-09-18,-0.007416241,-0.003289248
25-09-18,-0.001228318,-0.001305076
24-09-18,-0.003338774,-0.003515754
21-09-18,-0.000704356,-0.000368506
20-09-18,0.00803438,0.007840575
19-09-18,0.001122334,0.00125331
18-09-18,0.005454203,0.005369011
17-09-18,-0.005647816,-0.005569746
14-09-18,0.000523913,0.000275465
13-09-18,0.005682887,0.005282251
12-09-18,0.000112918,0.000356662
11-09-18,0.003778147,0.003739838
10-09-18,0.001892649,0.001897844
07-09-18,-0.002416736,-0.002213304
06-09-18,-0.002936747,-0.003652288
05-09-18,-0.002815844,-0.00280317
04-09-18,-0.001387223,-0.001654305
31-08-18,3.74939E-05,0.00013443
30-08-18,-0.004070202,-0.004430275
29-08-18,0.005481715,0.005701427
28-08-18,0.000563507,0.000269268
27-08-18,0.007532173,0.007670392
24-08-18,0.006284517,0.006198853
23-08-18,-0.001445252,-0.001691231
22-08-18,-0.000304171,-0.000398189
21-08-18,0.002171925,0.002068567
20-08-18,0.002214924,0.002427959
17-08-18,0.003333461,0.003323136
16-08-18,0.008111553,0.007919471
15-08-18,-0.007361681,-0.00760222
14-08-18,0.006444393,0.006389244
13-08-18,-0.003767492,-0.004005958
10-08-18,-0.006796487,-0.007113871
09-08-18,-0.001258437,-0.001441719
08-08-18,-0.000533598,-0.00026238
07-08-18,0.002790093,0.002824165
06-08-18,0.003759687,0.003538296
03-08-18,0.004896102,0.004644138
02-08-18,0.005075945,0.004926494
01-08-18,-0.00123839,-0.001040376
31-07-18,0.005056398,0.00488475
30-07-18,-0.005762017,-0.005754181
27-07-18,-0.006493008,-0.006562253
26-07-18,-0.002949627,-0.003032251
25-07-18,0.009161899,0.009101546
24-07-18,0.004699577,0.004780939
23-07-18,0.001906763,0.001838084
20-07-18,-0.000933053,-0.000948479
19-07-18,-0.003795507,-0.003952948
18-07-18,0.001823614,0.002160488
17-07-18,0.004286327,0.003973657
16-07-18,-0.000623077,-0.00102809
13-07-18,0.000857466,0.001079231
12-07-18,0.008569519,0.008749036
11-07-18,-0.006832201,-0.007094179
10-07-18,0.003486778,0.003473207
09-07-18,0.008853405,0.008823039
06-07-18,0.008329348,0.008481296
05-07-18,0.008561437,0.008620753
03-07-18,-0.004043235,-0.004947354
02-07-18,0.001162278,0.003068015
29-06-18,0.00253134,0.000758382
28-06-18,0.001408281,0.006178624
27-06-18,-0.008299749,-0.008604291
26-06-18,0.002199472,0.002204581
25-06-18,-0.013842332,-0.013724736
22-06-18,0.001777813,0.001861981
21-06-18,-0.006242393,-0.006345489
20-06-18,0.001809243,0.001712161
19-06-18,-0.003800643,-0.004023434
18-06-18,-0.002384396,-0.002126159
15-06-18,-0.000859207,-0.001017075
14-06-18,0.002898437,0.002471511
13-06-18,-0.003979246,-0.004026051
12-06-18,0.001680344,0.00174335
11-06-18,0.001291231,0.001068718
08-06-18,0.003140087,0.003125936
07-06-18,-0.000470791,-0.000714196
06-06-18,0.007988294,0.008567375
05-06-18,0.001386029,0.000702618
04-06-18,0.004415099,0.004479599
01-06-18,0.01053097,0.010849194
31-05-18,-0.00646939,-0.006879564
30-05-18,0.01319037,0.012695828
29-05-18,-0.011558151,-0.011564198
25-05-18,-0.002513264,-0.002357246
24-05-18,-0.001911208,-0.002023203
23-05-18,0.003115389,0.003248374
22-05-18,-0.002867498,-0.003135737
21-05-18,0.007341732,0.007386739
18-05-18,-0.002481191,-0.002632227
17-05-18,-0.000839698,-0.000855844
16-05-18,0.004256515,0.004060558
15-05-18,-0.006859422,-0.006842165
14-05-18,0.001117898,0.000883522
11-05-18,0.002441367,0.001707631
10-05-18,0.009372223,0.009370633
09-05-18,0.009707946,0.009682176
08-05-18,-4.0788E-05,-0.000265656
07-05-18,0.003109529,0.00345796
04-05-18,0.013266448,0.012811201
03-05-18,-0.002357515,-0.002253696
02-05-18,-0.006818929,-0.007205816
01-05-18,0.002140622,0.002549046
30-04-18,-0.008165932,-0.008187542
27-04-18,0.001062699,0.001113636
26-04-18,0.010282033,0.01043419
25-04-18,0.002566756,0.001837119
24-04-18,-0.013638777,-0.013380569
23-04-18,-0.00044898,5.61768E-05
20-04-18,-0.008097166,-0.008536536
19-04-18,-0.005475922,-0.005726121
18-04-18,0.000564016,0.000831366
17-04-18,0.010750061,0.010661578
16-04-18,0.008128079,0.008109024
13-04-18,-0.002783691,-0.002886647
12-04-18,0.008379773,0.008250731
11-04-18,-0.005296871,-0.005525299
10-04-18,0.016486498,0.016726875
09-04-18,0.004065041,0.003336571
06-04-18,-0.022009099,-0.021920205
05-04-18,0.00722424,0.006862808
04-04-18,0.011524971,0.011566486
03-04-18,0.012686062,0.012614839
02-04-18,-0.023132849,-0.022337336
29-03-18,0.014415018,0.013769674
28-03-18,-0.002799716,-0.002916612
27-03-18,-0.017328461,-0.017276335
26-03-18,0.022848503,0.027157241
23-03-18,-0.021293213,-0.020966906
22-03-18,-0.024852688,-0.025162891
21-03-18,-0.002319536,-0.001843986
20-03-18,0.00176275,0.001481798
19-03-18,-0.013360212,-0.014204164
16-03-18,0.001028766,0.001703472
15-03-18,-0.000948729,-0.000781966
14-03-18,-0.00526916,-0.005724494
13-03-18,-0.006601562,-0.006363591
12-03-18,-0.00097561,-0.001273968
09-03-18,0.017309143,0.017378796
08-03-18,0.00466656,0.004463107
07-03-18,-0.000438544,-0.00048385
06-03-18,0.002517986,0.002638794
05-03-18,0.011481242,0.011032048
02-03-18,0.005324121,0.005071573
01-03-18,-0.013194834,-0.013324342
28-02-18,-0.011104942,-0.011095807
27-02-18,-0.012764291,-0.012706864
26-02-18,0.011525209,0.011756998
23-02-18,0.01642446,0.016028344
22-02-18,0.001209141,0.000973594
21-02-18,-0.005252185,-0.005496528
20-02-18,-0.006057225,-0.005841404
16-02-18,-0.000119536,0.000373462
15-02-18,0.012956087,0.012069087
14-02-18,0.013084724,0.01340248
13-02-18,0.003364241,0.002612952
12-02-18,0.013724838,0.013914604
09-02-18,0.015414502,0.014936071
08-02-18,-0.037165047,-0.037536451
07-02-18,-0.005459398,-0.005001595
06-02-18,0.018493348,0.017440939
05-02-18,-0.041075872,-0.040979244
02-02-18,-0.021412283,-0.021208513
01-02-18,-0.0010039,-0.000648061
31-01-18,0.000927536,0.00048894
30-01-18,-0.010667584,-0.010898782
29-01-18,-0.006910693,-0.006731944
26-01-18,0.011639073,0.011841155
25-01-18,0.000461166,0.000602635
24-01-18,-0.000499347,-0.000560031
23-01-18,0.002271415,0.002174396
22-01-18,0.008033219,0.008066754
19-01-18,0.004248022,0.004385228
18-01-18,-0.001362186,-0.001616379
17-01-18,0.009666771,0.009415002
16-01-18,-0.003641204,-0.003524463
12-01-18,0.006621212,0.006749628
11-01-18,0.007384762,0.007033618
10-01-18,-0.00170432,-0.001112206
09-01-18,0.002105096,0.001302903
08-01-18,0.002069652,0.001662323
05-01-18,0.006408973,0.0070338
04-01-18,0.004385259,0.004028661
03-01-18,0.005949249,0.006398819
02-01-18,0.007338253,0.00830338
29-12-17,-0.003453319,-0.005183179
28-12-17,0.001872354,0.001834028
27-12-17,0.000570172,0.000790897
26-12-17,-0.005951176,-0.001058382
22-12-17,-0.00020238,-0.000458174
21-12-17,0.002027904,0.00198563
20-12-17,-0.00077001,-0.000827904
19-12-17,-0.003634161,-0.003230291
18-12-17,0.00621648,0.005362862
15-12-17,0.00839923,0.008974325
14-12-17,-0.003958537,-0.004070826
13-12-17,-0.000244798,-0.000472953
12-12-17,0.001716528,0.001548878
11-12-17,0.003239165,0.003201961
08-12-17,0.005441728,0.005506299
07-12-17,0.00330893,0.002932373
06-12-17,-4.13599E-05,-0.000114087
05-12-17,-0.003544346,-0.00373943
04-12-17,-0.001070399,-0.001052146
01-12-17,-0.001849188,-0.00202449
30-11-17,0.008370281,0.008190947
29-11-17,-0.000372794,-0.000369237
28-11-17,0.009914244,0.009848467
27-11-17,-0.00029274,-0.000384258
24-11-17,0.002095382,0.002056155
22-11-17,-0.000711923,-0.00075028
21-11-17,0.006660765,0.006541086
20-11-17,0.001308569,0.001275762
17-11-17,-0.002694283,-0.002626042
16-11-17,0.008533945,0.008196146
15-11-17,-0.005111092,-0.005525676
14-11-17,-0.002443958,-0.002309621
13-11-17,0.001181235,0.000983619
10-11-17,-0.000590269,-0.000897617
09-11-17,-0.003612838,-0.003761978
08-11-17,0.001472506,0.001443659
07-11-17,-0.000420539,-0.000189107
06-11-17,0.001516236,0.001271331
03-11-17,0.003338404,0.003097079
02-11-17,0.000422761,0.00018997
01-11-17,0.001736332,0.001592072
31-10-17,0.001144747,0.000944485
30-10-17,-0.003632984,-0.003192474
27-10-17,0.008520791,0.008072957
26-10-17,0.000938166,0.001270946
25-10-17,-0.004795654,-0.004663057
24-10-17,0.001402465,0.001617946
23-10-17,-0.003641599,-0.003972492
20-10-17,0.004978935,0.005116896
19-10-17,0.000510921,0.000327964
18-10-17,0.000894912,0.000742373
17-10-17,0.000639632,0.000672495
16-10-17,0.001580251,0.001750765
13-10-17,0.001111681,0.000878111
12-10-17,-0.001536885,-0.00168673
11-10-17,0.001624904,0.001803469
10-10-17,0.002529258,0.002322447
09-10-17,-0.001754536,-0.001804396
06-10-17,-0.000940573,-0.001073638
05-10-17,0.005934973,0.005646757
04-10-17,0.001378122,0.001246755
03-10-17,0.002028223,0.002158854
02-10-17,0.004203501,0.003874
29-09-17,0.003566148,0.003705091
28-09-17,0.0011756,0.001204608
27-09-17,0.0038902,0.004085164
26-09-17,0.000349803,7.20963E-05
25-09-17,-0.001484457,-0.002222027
22-09-17,-0.000130964,0.000647845
21-09-17,-0.002829532,-0.003045961
20-09-17,-0.004549985,0.000634313
19-09-17,0.001214803,0.001110281
18-09-17,0.00173845,0.001455866
15-09-17,0.001392697,0.001847236
14-09-17,-0.000348053,-0.001100718
13-09-17,0.000609464,0.000757066
12-09-17,0.003670206,0.003363999
11-09-17,0.010909894,0.010839228
08-09-17,-0.00154355,-0.001488783
07-09-17,-0.000220459,-0.00017846
06-09-17,0.003495421,0.003128751
05-09-17,-0.007378453,-0.007550827
01-09-17,0.001715794,0.001982481
31-08-17,0.005885737,0.005721052
30-08-17,0.004981099,0.004615133
29-08-17,0.000756632,0.000842798
28-08-17,0.000356189,0.000487096
25-08-17,0.002186426,0.001672837
24-08-17,-0.002314918,-0.002074434
23-08-17,-0.003416149,-0.003453605
22-08-17,0.010128171,0.009940825
21-08-17,0.001211469,0.001162623
18-08-17,-0.001836259,-0.001835383
17-08-17,-0.015563688,-0.015436913
16-08-17,0.001589755,0.001420103
15-08-17,8.83275E-05,-0.000498816
14-08-17,0.009811354,0.010043747
11-08-17,0.001339704,0.001275526
10-08-17,-0.013741467,-0.014474418
09-08-17,-0.000572233,-0.000363648
08-08-17,-0.001976892,-0.002414437
07-08-17,0.001628091,0.001647267
04-08-17,0.001674894,0.001889036
03-08-17,-0.001759944,-0.002183591
02-08-17,0.000572309,0.000492661
01-08-17,0.002250265,0.002449095
31-07-17,-0.000573268,-0.000728126
28-07-17,-0.001145223,-0.001341187
27-07-17,-0.001187857,-0.000972625
26-07-17,0.000308058,0.000282585
25-07-17,0.002382108,0.002923183
24-07-17,-0.00035278,-0.001063683
21-07-17,-0.000705063,-0.000367907
20-07-17,0.00030856,-0.000153608
19-07-17,0.005273187,0.005372651
18-07-17,0.00075388,0.00059777
17-07-17,0.000133055,-5.28612E-05
14-07-17,0.004544442,0.004673527
13-07-17,0.001695899,0.001874552
12-07-17,0.007508993,0.00730562
11-07-17,-0.000763805,-0.000782721
10-07-17,0.001034452,0.000927766
07-07-17,0.006336562,0.006403154
06-07-17,-0.008971024,-0.009368808
05-07-17,0.001752415,0.001453267
03-07-17,0.002206611,0.002310793
30-06-17,0.001668997,0.001533248
29-06-17,-0.008630713,-0.008600027
28-06-17,0.008842371,0.008808042
27-06-17,-0.007966344,-0.008072749
26-06-17,0.000313381,0.000315794
23-06-17,-0.0028125,0.001560895
22-06-17,-0.000580021,-0.000455738
21-06-17,-0.000401391,-0.000582676
20-06-17,-0.006557377,-0.006696665
19-06-17,0.008174387,0.008347204
16-06-17,0.000268085,0.000283663
15-06-17,-0.002006599,-0.002239614
14-06-17,-0.001069042,-0.000995759
13-06-17,0.004878922,0.004511421
12-06-17,-0.000402685,-0.000978711
09-06-17,-0.001161959,-0.000829981
08-06-17,0.000357654,0.000267145
07-06-17,0.00165689,0.001568334
06-06-17,-0.002857781,-0.002779032
05-06-17,-0.000669344,-0.001217677
02-06-17,0.003133393,0.003707727
01-06-17,0.007804394,0.007571109
31-05-17,-0.00022551,-0.000460025
30-05-17,-0.000946244,-0.00120456
26-05-17,4.50613E-05,0.00031055
25-05-17,0.004662954,0.004441875
24-05-17,0.002405155,0.002489139
23-05-17,0.001955168,0.001837913
22-05-17,0.005578163,0.005160115
19-05-17,0.006210894,0.006767496
18-05-17,0.003647781,0.003686843
17-05-17,-0.017734035,-0.018178259
16-05-17,-0.000181389,-0.000686836
15-05-17,0.005059022,0.004776444
12-05-17,-0.001547213,-0.001478425
11-05-17,-0.002043597,-0.002162833
10-05-17,0.001865417,0.001130618
09-05-17,-0.001272322,-0.001025265
08-05-17,4.54422E-05,3.75111E-05
05-05-17,0.004014965,0.004088687
04-05-17,0.000913325,0.000582045
03-05-17,-0.00100365,-0.001271344
02-05-17,0.000319445,0.001189115
01-05-17,0.00242452,0.001732237
28-04-17,-0.001917633,-0.001913118
27-04-17,0.000776788,0.000552891
26-04-17,-0.00073056,-0.000485638
25-04-17,0.006017455,0.006090601
24-04-17,0.010677809,0.010840085
21-04-17,-0.002916262,-0.003035011
20-04-17,0.008166884,0.007557192
19-04-17,-0.002188591,-0.001716342
18-04-17,-0.002739853,-0.002903351
17-04-17,0.008760013,0.008613324
13-04-17,-0.006654258,-0.006814702
12-04-17,-0.00412438,-0.00375991
11-04-17,-0.001249653,-0.001433929
10-04-17,0.000694734,0.00068774
07-04-17,-0.000879223,-0.000827151
06-04-17,0.002598126,0.001929493
05-04-17,-0.003052729,-0.003054878
04-04-17,0.00055535,0.000559597
03-04-17,-0.001247978,-0.001642175
31-03-17,-0.00239775,-0.00225501
30-03-17,0.002681585,0.002935035
29-03-17,0.001481687,0.001085403
28-03-17,0.007416737,0.007251483
27-03-17,-0.001629954,-0.001019633
24-03-17,-0.000325885,-0.000844004
23-03-17,-0.001023161,-0.001060274
22-03-17,-0.002597644,0.001889916
21-03-17,-0.012607823,-0.012407993
20-03-17,-0.001039989,-0.002009881
17-03-17,-0.002009132,-0.001314364
16-03-17,-0.001686648,-0.001626657
15-03-17,0.008319544,0.008374728
14-03-17,-0.003389831,-0.003379019
13-03-17,0.000595866,0.000366686
10-03-17,0.003495699,0.003268679
09-03-17,0.001059029,0.000799837
08-03-17,-0.002113582,-0.002284252
07-03-17,-0.003023362,-0.002913304
06-03-17,-0.003105306,-0.003277216
03-03-17,0.000548296,0.000503795
02-03-17,-0.005859641,-0.005859864
01-03-17,0.014188971,0.013673825
28-02-17,-0.00293969,-0.002578331
27-02-17,0.001472009,0.00101802
24-02-17,0.001197439,0.001493352
23-02-17,0.00055297,0.000418991
22-02-17,-0.000460596,-0.001082279
21-02-17,0.005883988,0.006048078
17-02-17,0.001531251,0.001678581
16-02-17,-0.000788205,-0.000864106
15-02-17,0.005079454,0.004992343
14-02-17,0.004164717,0.004007302
13-02-17,0.005315896,0.005245887
10-02-17,0.004014736,0.003566059
09-02-17,0.005700171,0.005752461
08-02-17,0.001284185,0.000693391
07-02-17,0.000237869,0.000226821
06-02-17,-0.002088872,-0.002115416
03-02-17,0.007413076,0.007264835
02-02-17,0.000430622,0.000570288
01-02-17,0.000143561,0.000298394
31-01-17,-4.78515E-05,-0.00089
30-01-17,-0.006040428,-0.006009526
27-01-17,-0.00142484,-0.000866468
26-01-17,-0.000759337,-0.000735304
25-01-17,0.008326554,0.008026069
24-01-17,0.00635685,0.006564542
23-01-17,-0.002306251,-0.002690078
20-01-17,0.003229538,0.003366185
19-01-17,-0.003362798,-0.00360933
18-01-17,0.002118236,0.001763754
17-01-17,-0.003549842,-0.002967503
13-01-17,0.00197068,0.001849862
12-01-17,-0.002206129,-0.002144753
11-01-17,0.00283763,0.002829565
10-01-17,-0.000144265,0
09-01-17,-0.003163798,-0.00354856
06-01-17,0.003897979,0.003516968
05-01-17,-0.000769379,-0.00077067
04-01-17,0.005901132,0.005722309
03-01-17,0.006965077,0.008486576
30-12-16,-0.003446267,-0.004637081
29-12-16,-0.000194118,-0.000293344
28-12-16,-0.007896004,-0.008356546
27-12-16,0.002461509,0.002248442
23-12-16,0.000869523,0.001251681
22-12-16,-0.007479503,-0.001862987
21-12-16,-0.002725447,-0.002457327
20-12-16,0.003839877,0.003637521
19-12-16,0.002261029,0.001975138
16-12-16,-0.001728858,-0.00175064
15-12-16,0.003711559,0.003883228
14-12-16,-0.008269994,-0.008117198
13-12-16,0.00683448,0.00653977
12-12-16,-0.001105769,-0.001137405
09-12-16,0.006094612,0.005938946
08-12-16,0.002618817,0.002159413
07-12-16,0.012670661,0.013163188
06-12-16,0.003499088,0.003410879
05-12-16,0.00574969,0.005821301
02-12-16,0.00069441,0.000397064
01-12-16,-0.003903162,-0.003515538
30-11-16,-0.002267574,-0.00265347
29-11-16,0.001579935,0.00133532
28-11-16,-0.004717445,-0.005254479
25-11-16,0.00399625,0.003914329
23-11-16,0.000888845,0.000808011
22-11-16,0.001830415,0.002165428
21-11-16,0.00737566,0.007461387
18-11-16,-0.001790867,-0.0023867
17-11-16,0.004748338,0.004676289
16-11-16,-0.001696522,-0.001582286
15-11-16,0.008098592,0.007480824
14-11-16,0.000150928,-0.000115503
11-11-16,-0.001857989,-0.001397937
10-11-16,0.002315281,0.00195076
09-11-16,0.010682674,0.011077044
08-11-16,0.004599346,0.003771956
07-11-16,0.021934406,0.022223501
04-11-16,-0.001356003,-0.00166614
03-11-16,-0.003896306,-0.004423387
02-11-16,-0.00660577,-0.006525486
01-11-16,-0.006969712,-0.006786915
31-10-16,0,-0.000122272
28-10-16,-0.003167305,-0.00310824
27-10-16,-0.002649412,-0.002986777
26-10-16,-0.002236795,-0.001740421
25-10-16,-0.002838749,-0.003797651
24-10-16,0.004071868,0.004749762
21-10-16,0.000254557,-8.40595E-05
20-10-16,-0.001626512,-0.001375747
19-10-16,0.002752294,0.002191999
18-10-16,0.005895924,0.006160357
17-10-16,-0.00296478,-0.003038003
14-10-16,0.00025565,0.000201637
13-10-16,-0.003210846,-0.003099318
12-10-16,0.001275771,0.001146612
11-10-16,-0.012149014,-0.012446503
10-10-16,0.004608528,0.004605941
07-10-16,-0.003683334,-0.00325347
06-10-16,0.001161851,0.000481542
05-10-16,0.004159481,0.004296695
04-10-16,-0.004645057,-0.00495558
03-10-16,-0.003170769,-0.003260664
30-09-16,0.008015829,0.007967905
29-09-16,-0.009397929,-0.009321304
28-09-16,0.005406498,0.005296468
27-09-16,0.006100351,0.006444248
26-09-16,-0.007968127,-0.008587835
23-09-16,-0.005367175,-0.005736779
22-09-16,0.006004945,0.006499871
21-09-16,0.011226208,0.010917112
20-09-16,0.000102067,0.000299188
19-09-16,0.000306294,-1.86989E-05
16-09-16,-0.003915387,-0.003772249
15-09-16,0.010274324,0.010109278
14-09-16,-0.00061608,-0.000587677
13-09-16,-0.018641677,-0.014830665
12-09-16,0.014309076,0.014677062
09-09-16,-0.024137243,-0.024522074
08-09-16,-0.002338425,-0.002223076
07-09-16,-4.97512E-05,-0.000146354
06-09-16,0.003144183,0.002981679
02-09-16,0.0044616,0.0042011
01-09-16,-0.000200481,-4.14565E-05
31-08-16,-0.002449878,-0.002375788
30-08-16,-0.001896302,-0.001953788
29-08-16,0.005065704,0.005228119
26-08-16,-0.001902283,-0.001578848
25-08-16,-0.00080032,-0.001365241
24-08-16,-0.004828513,-0.005240294
23-08-16,0.001845202,0.001951765
22-08-16,-9.97307E-05,-0.00056322
19-08-16,-0.001394283,-0.001440316
18-08-16,0.002395927,0.002199595
17-08-16,0.001649918,0.001868558
16-08-16,-0.005172843,-0.005479077
15-08-16,0.002893201,0.002792976
12-08-16,-0.000996661,-0.000796051
11-08-16,0.004907607,0.004734566
10-08-16,-0.002547453,-0.002864686
09-08-16,0.000649773,0.000389749
08-08-16,-0.000499575,-0.000907063
05-08-16,0.008057612,0.008603442
04-08-16,0.000957758,0.00021259
03-08-16,0.002881553,0.003133939
02-08-16,-0.006229591,-0.006361593
01-08-16,-0.001154155,-0.001269783
29-07-16,0.001759413,0.001631291
28-07-16,0.001107141,0.001606218
27-07-16,-0.000653792,-0.00119861
26-07-16,-5.02892E-05,0.000322807
25-07-16,-0.002408067,-0.003011453
22-07-16,0.004636863,0.004553915
21-07-16,-0.003765816,-0.003612484
20-07-16,0.004033071,0.004270305
19-07-16,-0.001107866,-0.001435237
18-07-16,0.002878642,0.00238234
15-07-16,-0.001512783,-0.000928943
14-07-16,0.005832826,0.005259172
13-07-16,-0.000354916,0.00013475
12-07-16,0.007046209,0.007009302
11-07-16,0.003484142,0.003408611
08-07-16,0.015188557,0.015253349
07-07-16,-0.000675746,-0.000871541
06-07-16,0.005908497,0.005352996
05-07-16,-0.007009346,-0.006847524
01-07-16,0.002081165,0.001948677
30-06-16,0.013499262,0.013565002
29-06-16,0.017218259,0.017032646
28-06-16,0.0184649,0.017770202
27-06-16,-0.018814322,-0.018096505
24-06-16,-0.035317235,-0.035919785
23-06-16,0.012937356,0.013364022
22-06-16,-0.00167329,-0.001651587
21-06-16,-0.002139316,0.002712108
20-06-16,0.006406554,0.005808171
17-06-16,-0.003714555,-0.003257956
16-06-16,0.003254252,0.003132995
15-06-16,-0.001467505,-0.00184068
14-06-16,-0.002196423,-0.00179889
13-06-16,-0.007525821,-0.008115187
10-06-16,-0.009612419,-0.009175223
09-06-16,-0.001539725,-0.001717694
08-06-16,0.003295572,0.003309455
07-06-16,0.00180552,0.00128946
06-06-16,0.004820651,0.004897267
03-06-16,-0.002894356,-0.002911754
02-06-16,0.003006739,0.002824711
01-06-16,0.001869741,0.001130208
31-05-16,-0.001193132,-0.001000448
27-05-16,0.003905843,0.004286876
26-05-16,0.000468921,-0.000210472
25-05-16,0.006819493,0.00697475
24-05-16,0.012696558,0.013681373
23-05-16,-0.00132633,-0.002085445
20-05-16,0.006245996,0.00601949
19-05-16,-0.003245889,-0.003706724
18-05-16,-0.000159608,0.000205157
17-05-16,-0.008806623,-0.009411321
16-05-16,0.009959523,0.009796688
13-05-16,-0.009234341,-0.00847823
12-05-16,0.000580781,-0.000169536
11-05-16,-0.009362414,-0.00956155
10-05-16,0.012390786,0.012483667
09-05-16,0.001060164,0.000753473
06-05-16,0.003617599,0.003174634
05-05-16,-0.000106389,-0.000238894
04-05-16,-0.00586991,-0.00593689
03-05-16,-0.008546112,-0.008676727
02-05-16,0.007980129,0.007810003
29-04-16,-0.00567525,-0.005063084
28-04-16,-0.009009009,-0.009230843
27-04-16,0.002087356,0.001649376
26-04-16,0.001463287,0.001872794
25-04-16,-0.001617448,-0.001812027
22-04-16,0.000260947,4.7813E-05
21-04-16,-0.005553249,-0.005194064
20-04-16,0.000831082,0.000761615
19-04-16,0.003021778,0.003084504
18-04-16,0.007241814,0.006540974
15-04-16,-0.001100802,-0.000984261
14-04-16,-0.000104827,0.000172876
13-04-16,0.010005294,0.010040161
12-04-16,0.009728458,0.009662143
11-04-16,-0.002612358,-0.002739793
08-04-16,0.002726398,0.002786607
07-04-16,-0.011780865,-0.011975845
06-04-16,0.010894526,0.010507684
05-04-16,-0.010149601,-0.01014457
04-04-16,-0.003161722,-0.003208252
01-04-16,0.006417056,0.006330896
31-03-16,-0.002380826,-0.002039778
30-03-16,0.004197216,0.004350344
29-03-16,0.009601459,0.008816671
28-03-16,0.000697799,0.000545203
24-03-16,-0.000697313,-0.000378061
23-03-16,-0.006395566,-0.006385989
22-03-16,-0.00053268,-0.000877364
21-03-16,-0.003820642,0.000985568
18-03-16,0.003728362,0.004405589
17-03-16,0.006324704,0.006595239
16-03-16,0.005985118,0.005600393
15-03-16,-0.001292407,-0.001836961
14-03-16,-0.001505538,-0.001261009
11-03-16,0.016228621,0.016395503
10-03-16,0.000546717,0.000155837
09-03-16,0.005497224,0.005052393
08-03-16,-0.011251223,-0.011240109
07-03-16,0.001088258,0.000885004
04-03-16,0.0032207,0.00330591
03-03-16,0.003670831,0.003498704
02-03-16,0.004236589,0.004094321
01-03-16,0.024636374,0.023868794
29-02-16,-0.008939546,-0.008120941
26-02-16,-0.001840388,-0.001870164
25-02-16,0.012021673,0.011348326
24-02-16,0.004706549,0.004439772
23-02-16,-0.012542696,-0.012454382
22-02-16,0.014312489,0.014454213
19-02-16,-0.000227131,-2.60711E-05
18-02-16,-0.004240642,-0.004665719
17-02-16,0.016378369,0.016480444
16-02-16,0.016769896,0.016516694
12-02-16,0.020512821,0.019518009
11-02-16,-0.012832588,-0.012301146
10-02-16,-0.000647097,-0.000188963
09-02-16,0.000294221,-0.000663631
08-02-16,-0.01375428,-0.014153879
05-02-16,-0.018791641,-0.018481297
04-02-16,0.001254347,0.001526773
03-02-16,0.00584963,0.004992039
02-02-16,-0.018131652,-0.018743103
01-02-16,-0.000900141,-0.000443244
29-01-16,0.025323027,0.024760215
28-01-16,0.005451804,0.005528559
27-01-16,-0.011353211,-0.010863456
26-01-16,0.013541001,0.014144309
25-01-16,-0.01482881,-0.015637946
22-01-16,0.020508326,0.020283683
21-01-16,0.00487318,0.00519542
20-01-16,-0.011721017,-0.011693855
19-01-16,0.001103689,0.000531822
15-01-16,-0.021430196,-0.021599093
14-01-16,0.016232453,0.016695939
13-01-16,-0.024457594,-0.02496544
12-01-16,0.008295926,0.007802794
11-01-16,0.000113656,0.000853265
08-01-16,-0.010626335,-0.010838407
07-01-16,-0.024355458,-0.023700421
06-01-16,-0.01267331,-0.013115421
05-01-16,0.001790462,0.002012262
04-01-16,-0.014015942,-0.015303776
31-12-15,-0.009904661,-0.009411833
30-12-15,-0.007360673,-0.007217229
29-12-15,0.011164274,0.010629711
28-12-15,-0.002174951,-0.002178565
24-12-15,-0.001747511,-0.001598613
23-12-15,0.012004287,0.012418035
22-12-15,0.009030444,0.008816763
21-12-15,0.002874187,0.007778415
18-12-15,-0.018574698,-0.017797237
17-12-15,-0.014580165,-0.015040495
16-12-15,0.014040313,0.014514953
15-12-15,0.010425063,0.010618515
14-12-15,0.006000649,0.004755587
11-12-15,-0.019921585,-0.019422774
10-12-15,0.002283469,0.002251394
09-12-15,-0.00748432,-0.00773894
08-12-15,-0.006389107,-0.006489911
07-12-15,-0.006296836,-0.006989563
04-12-15,0.019632813,0.020525756
03-12-15,-0.01422743,-0.014373578
02-12-15,-0.010557913,-0.010995753
01-12-15,0.009667137,0.010680587
30-11-15,-0.004059329,-0.004640904
27-11-15,0.00098979,0.000593622
25-11-15,-0.000312467,-0.00012924
24-11-15,0.001617026,0.00122209
23-11-15,-0.001146251,-0.00123494
20-11-15,0.003713001,0.003810229
19-11-15,-0.000522685,-0.001123067
18-11-15,0.016092198,0.016162385
17-11-15,-0.00122003,-0.001339379
16-11-15,0.015349814,0.014903314
13-11-15,-0.011552385,-0.011207398
12-11-15,-0.013393561,-0.013990361
11-11-15,-0.00381959,-0.0032281
10-11-15,0.001887188,0.001510647
09-11-15,-0.009347736,-0.00982279
06-11-15,-0.000415282,-0.000347631
05-11-15,-0.001244297,-0.001132088
04-11-15,-0.002843406,-0.003545377
03-11-15,0.003163572,0.002728072
02-11-15,0.011859782,0.011873846
30-10-15,-0.005064481,-0.00480997
29-10-15,-0.000365344,-0.000449685
28-10-15,0.011615628,0.011839933
27-10-15,-0.001949729,-0.0025541
26-10-15,-0.002365682,-0.001913115
23-10-15,0.010894404,0.011030397
22-10-15,0.017300103,0.016627537
21-10-15,-0.006499087,-0.005825377
20-10-15,-0.001287416,-0.001421083
19-10-15,0.001181525,0.000270522
16-10-15,0.004044217,0.004570474
15-10-15,0.014996442,0.014852776
14-10-15,-0.004684861,-0.004716298
13-10-15,-0.006655844,-0.006825414
12-10-15,0.001191895,0.001275504
09-10-15,0.000542064,0.000725131
08-10-15,0.008804068,0.008818386
07-10-15,0.008381583,0.008035678
06-10-15,-0.003352385,-0.003588234
05-10-15,0.017958042,0.018289808
02-10-15,0.014472191,0.014315269
01-10-15,0.002788686,0.001973927
30-09-15,0.019199536,0.019075522
29-09-15,0.000522314,0.001232882
28-09-15,-0.025175379,-0.025666118
25-09-15,-0.000678426,-0.000465781
24-09-15,-0.003099814,-0.003362974
23-09-15,-0.001800281,-0.002048653
22-09-15,-0.013048306,-0.012318439
21-09-15,-0.000166546,0.004565814
18-09-15,-0.016166912,-0.016164205
17-09-15,-0.002614806,-0.002561006
16-09-15,0.008737224,0.008705367
15-09-15,0.013026052,0.012831344
14-09-15,-0.003771074,-0.004089646
11-09-15,0.004176644,0.004487038
10-09-15,0.005600045,0.005277955
09-09-15,-0.013479918,-0.013897563
08-09-15,0.025610516,0.02508302
04-09-15,-0.015507335,-0.015329578
03-09-15,0.000837427,0.001164784
02-09-15,0.02016175,0.01829297
01-09-15,-0.03053393,-0.029576408
31-08-15,-0.008811296,-0.0083917
28-08-15,0,0.000608756
27-08-15,0.024444943,0.024297736
26-08-15,0.039696881,0.039033845
25-08-15,-0.012150179,-0.013522008
24-08-15,-0.040764472,-0.039413666
21-08-15,-0.031716318,-0.031850982
20-08-15,-0.020996963,-0.02110011
19-08-15,-0.007896104,-0.008254964
18-08-15,-0.00305557,-0.002625521
17-08-15,0.005572336,0.005211471
14-08-15,0.003868674,0.003911894
13-08-15,-0.001096663,-0.001275137
12-08-15,0.000888564,0.000950064
11-08-15,-0.00916671,-0.009557167
10-08-15,0.012692086,0.012808233
07-08-15,-0.002615473,-0.002874887
06-08-15,-0.007630814,-0.007752972
05-08-15,0.003490129,0.00311467
04-08-15,-0.001975565,-0.002249719
03-08-15,-0.003109614,-0.002756864
31-07-15,-0.001707368,-0.002271617
30-07-15,0.000155239,2.84553E-05
29-07-15,0.007087394,0.007318763
28-07-15,0.012131442,0.012386102
27-07-15,-0.005664237,-0.00577501
24-07-15,-0.010431804,-0.010703328
23-07-15,-0.00572785,-0.00567604
22-07-15,-0.001957048,-0.002387682
21-07-15,-0.003949933,-0.004261657
20-07-15,0.000461894,0.00077117
17-07-15,0.00118179,0.001106252
16-07-15,0.007662835,0.008014615
15-07-15,-0.000414036,-0.000734963
14-07-15,0.004418568,0.004453229
13-07-15,0.011196384,0.011066059
10-07-15,0.012722917,0.012338457
09-07-15,0.001813237,0.0022622
08-07-15,-0.016985583,-0.016652733
07-07-15,0.006171537,0.006080937
06-07-15,-0.002892758,-0.003861748
02-07-15,-0.000735796,-0.000308074
01-07-15,0.007572548,0.00693613
30-06-15,0.00260154,0.002658385
29-06-15,-0.021151647,-0.020866147
26-06-15,0,-0.000390047
25-06-15,-0.003108486,-0.002973565
24-06-15,-0.007149838,-0.007353357
23-06-15,0.000720647,0.000635938
22-06-15,0.002166624,0.006094816
19-06-15,-0.005795466,-0.005303502
18-06-15,0.009892785,0.009902687
17-06-15,0.001712151,0.001979688
16-06-15,0.005844901,0.005689805
15-06-15,-0.004623136,-0.004622489
12-06-15,-0.00732223,-0.0069943
11-06-15,0.003103502,0.001738552
10-06-15,0.011881084,0.012042401
09-06-15,-0.000261629,0.000418414
08-06-15,-0.006188248,-0.006474487
05-06-15,-0.002023976,-0.001436178
04-06-15,-0.008133011,-0.008623177
03-06-15,0.002735625,0.002118885
02-06-15,-0.001031247,-0.001008652
01-06-15,0.002325702,0.002059419
29-05-15,-0.006520846,-0.0063184
28-05-15,-0.000923361,-0.001266788
27-05-15,0.009215158,0.009162627
26-05-15,-0.010754891,-0.01028193
22-05-15,-0.002197353,-0.002233882
21-05-15,0.00302409,0.002337888
20-05-15,-0.000665881,-0.000930525
19-05-15,-0.000511954,-0.000643434
18-05-15,0.003081189,0.003047962
15-05-15,0.001028119,0.000768469
14-05-15,0.010440474,0.010779231
13-05-15,0.000311753,-0.00030489
12-05-15,-0.002901254,-0.002949656
11-05-15,-0.00479505,-0.005089552
08-05-15,0.013111158,0.013457854
07-05-15,0.004038391,0.003773766
06-05-15,-0.004022148,-0.004455697
05-05-15,-0.011667527,-0.01183737
04-05-15,0.003107198,0.002940772
01-05-15,0.010465725,0.010922988
30-04-15,-0.009947156,-0.010128865
29-04-15,-0.004076157,-0.003740377
28-04-15,0.003105429,0.00276919
27-04-15,-0.003969481,-0.004141305
24-04-15,0.002014567,0.002252796
23-04-15,0.002589466,0.00235773
22-04-15,0.004944311,0.005087518
21-04-15,-0.000987885,-0.00148067
20-04-15,0.009129545,0.009235145
17-04-15,-0.01161645,-0.011311218
16-04-15,-0.000362882,-0.000778495
15-04-15,0.004582856,0.005148294
14-04-15,0.001826055,0.001629684
13-04-15,-0.004518542,-0.00458122
10-04-15,0.005483315,0.005202804
09-04-15,0.004353299,0.004457467
08-04-15,0.003632152,0.002682618
07-04-15,-0.002677446,-0.002061885
06-04-15,0.007031457,0.006608739
02-04-15,0.002969405,0.003529657
01-04-15,-0.003224101,-0.003965395
31-03-15,-0.008801341,-0.008795728
30-03-15,0.01246486,0.01223666
27-03-15,0.002072924,0.002368504
26-03-15,-0.002491915,-0.002377429
25-03-15,-0.014576803,-0.014558929
24-03-15,-0.005817577,-0.006139459
23-03-15,-0.006860975,-0.001745648
20-03-15,0.009057311,0.009012717
19-03-15,-0.004611399,-0.004872589
18-03-15,0.011901641,0.012158436
17-03-15,-0.003396384,-0.003320216
16-03-15,0.013665254,0.013533652
13-03-15,-0.006106549,-0.006074687
12-03-15,0.012903914,0.012601459
11-03-15,-0.002340675,-0.001917658
10-03-15,-0.016429468,-0.016961379
09-03-15,0.004256214,0.003944459
06-03-15,-0.014142147,-0.014173933
05-03-15,0.001089042,0.001196075
04-03-15,-0.00418302,-0.004388504
03-03-15,-0.00426801,-0.004538606
02-03-15,0.006573499,0.00612497
27-02-15,-0.003455924,-0.002956309
26-02-15,-0.001133495,-0.001475973
25-02-15,-0.001080803,-0.000765784
24-02-15,0.002942239,0.002758738
23-02-15,-0.000258025,-0.000303274
20-02-15,0.006074451,0.006126487
19-02-15,-0.000674484,-0.001062067
18-02-15,0.000207577,-0.000314235
17-02-15,0.00161131,0.001597528
13-02-15,0.004385278,0.004074734
12-02-15,0.009273407,0.00964453
11-02-15,0.000685437,-2.90053E-05
10-02-15,0.010657572,0.010675513
09-02-15,-0.00456185,-0.004247204
06-02-15,-0.002803491,-0.003418149
05-02-15,0.010152284,0.010291402
04-02-15,-0.003408062,-0.004156037
03-02-15,0.014587498,0.014439469
02-02-15,0.011476037,0.012962471
30-01-15,-0.012306364,-0.01299196
29-01-15,0.009700801,0.009534703
28-01-15,-0.013176824,-0.013495602
27-01-15,-0.013109177,-0.013387844
26-01-15,0.001967666,0.002568451
23-01-15,-0.005500317,-0.005491603
22-01-15,0.015303657,0.015269768
21-01-15,0.005235885,0.004731651
20-01-15,0.002489177,0.00154995
16-01-15,0.012380848,0.0134242
15-01-15,-0.009334636,-0.009247888
14-01-15,-0.005880766,-0.005813063
13-01-15,-0.002636677,-0.002578565
12-01-15,-0.007424024,-0.008093662
09-01-15,-0.008420718,-0.008403891
08-01-15,0.017568441,0.017888346
07-01-15,0.012495226,0.011629823
06-01-15,-0.009833054,-0.008893486
05-01-15,-0.017569002,-0.018278107
02-01-15,0,-0.000339987
31-12-14,-0.010400252,-0.010310765
30-12-14,-0.005433079,-0.004888619
29-12-14,0.001412503,0.000861751
26-12-14,0.003254081,0.003309509
24-12-14,-0.000104959,-0.000139278
23-12-14,0.00152423,0.001746418
22-12-14,0.00443459,0.003810398
19-12-14,0.004614161,0.004570087
18-12-14,0.01819851,0.024015222
17-12-14,0.020163067,0.020352403
16-12-14,-0.007707866,-0.008489016
15-12-14,-0.006948591,-0.006342611
12-12-14,-0.01623498,-0.016213587
11-12-14,0.004668422,0.004535718
10-12-14,-0.015685767,-0.016350943
09-12-14,-0.000791557,-0.000237828
08-12-14,-0.006813417,-0.007256537
05-12-14,0.001785152,0.001665122
04-12-14,-0.000996591,-0.001161821
03-12-14,0.003843724,0.003764729
02-12-14,0.006305304,0.006384409
01-12-14,-0.006841025,-0.006829306
28-11-14,-0.002152909,-0.002542418
26-11-14,0.002315789,0.002805958
25-11-14,-0.00031569,-0.001150086
24-11-14,0.002584797,0.002864066
21-11-14,0.005623044,0.005236877
20-11-14,0.001806877,0.001967082
19-11-14,-0.001803618,-0.001501121
18-11-14,0.005762151,0.005133933
17-11-14,0.000533817,0.000735359
14-11-14,0.000373812,0.000240275
13-11-14,0.000908654,0.000529866
12-11-14,-0.000801111,-0.00070109
11-11-14,0.000962258,0.000696673
10-11-14,0.003002681,0.003120202
07-11-14,0.000858645,0.000349545
06-11-14,0.004041166,0.003775506
05-11-14,0.006562534,0.005700512
04-11-14,-0.003566796,-0.002829801
03-11-14,0.00059482,-0.000118927
31-10-14,0.011320136,0.011731381
30-10-14,0.006328766,0.006230137
29-10-14,-0.001154354,-0.001385356
28-10-14,0.011509591,0.011939051
27-10-14,-0.00127721,-0.001501593
24-10-14,0.007496923,0.007053444
23-10-14,0.011487748,0.012303397
22-10-14,-0.006800809,-0.007299308
21-10-14,0.019423595,0.019574477
20-10-14,0.009836255,0.009142657
17-10-14,0.012359419,0.012884107
16-10-14,-0.000643915,0.000144967
15-10-14,-0.007437104,-0.008100336
14-10-14,0.001629518,0.001578886
13-10-14,-0.016428163,-0.016467922
10-10-14,-0.011206701,-0.011451035
09-10-14,-0.020186335,-0.020661388
08-10-14,0.017492382,0.01746163
07-10-14,-0.015335037,-0.015126068
06-10-14,-0.001220866,-0.00156512
03-10-14,0.011166601,0.01116552
02-10-14,-5.61104E-05,5.13832E-06
01-10-14,-0.01312365,-0.013248559
30-09-14,-0.003036325,-0.002785924
29-09-14,-0.001983471,-0.002546839
26-09-14,0.008053319,0.008575832
25-09-14,-0.016066452,-0.016168743
24-09-14,0.008042748,0.007832477
23-09-14,-0.005641981,-0.005776492
22-09-14,-0.012441848,-0.008013331
19-09-14,-0.000972763,-0.000477289
18-09-14,0.005215124,0.00489116
17-09-14,0.001414427,0.001295661
16-09-14,0.007453688,0.007484389
15-09-14,-0.000657246,-0.000710134
12-09-14,-0.005934557,-0.005962602
11-09-14,0.000926431,0.0008819
10-09-14,0.003939162,0.003646074
09-09-14,-0.006468446,-0.00654496
08-09-14,-0.002548254,-0.003073153
05-09-14,0.004794073,0.005035917
04-09-14,-0.001631676,-0.001534448
03-09-14,-0.000434924,-0.000779112
02-09-14,-0.000271754,-0.000544083
29-08-14,0.002451782,0.003320412
28-08-14,-0.000762195,-0.001689899
27-08-14,-0.000163301,4.99995E-05
26-08-14,0.000817171,0.001051093
25-08-14,0.005202344,0.004787769
22-08-14,-0.001585566,-0.001992602
21-08-14,0.00285119,0.002949897
20-08-14,0.002749065,0.002477796
19-08-14,0.005306213,0.005000659
18-08-14,0.008304074,0.008531707
15-08-14,-0.000278583,-6.13754E-05
14-08-14,0.004364857,0.004345771
13-08-14,0.007044238,0.006707175
12-08-14,-0.001182033,-0.001636619
11-08-14,0.002822308,0.002759385
08-08-14,0.011591389,0.011531392
07-08-14,-0.005395275,-0.005556597
06-08-14,0.000625107,1.56233E-05
05-08-14,-0.010125443,-0.009685455
04-08-14,0.007024302,0.00718905
01-08-14,-0.002429928,-0.002859111
31-07-14,-0.020100781,-0.019999289
30-07-14,0,6.09153E-05
29-07-14,-0.004245699,-0.004527745
28-07-14,0.000441306,0.00028812
25-07-14,-0.004776283,-0.004849143
24-07-14,0,0.000488171
23-07-14,0.002366278,0.001754448
22-07-14,0.004477364,0.005016138
21-07-14,-0.002151131,-0.002320268
18-07-14,0.01053453,0.010264948
17-07-14,-0.011732951,-0.011834051
16-07-14,0.003815317,0.004201127
15-07-14,-0.001711195,-0.001932123
14-07-14,0.004937039,0.004843538
11-07-14,0.001333111,0.001470977
10-07-14,-0.003818061,-0.004131121
09-07-14,0.004167361,0.00464427
08-07-14,-0.006459092,-0.00704877
07-07-14,-0.003246575,-0.003923564
03-07-14,0.005032629,0.005479535
02-07-14,0.000719464,0.000658788
01-07-14,0.007022237,0.006677788
30-06-14,-0.000278583,-0.000372267
27-06-14,0.0017302,0.001910874
26-06-14,-0.000502064,-0.001178854
25-06-14,0.004257703,0.004897486
24-06-14,-0.005903319,-0.006435308
23-06-14,-0.004932114,-0.000132459
20-06-14,0.001999,0.001730051
19-06-14,0.001223106,0.001277479
18-06-14,0.007449311,0.007718886
17-06-14,0.002639411,0.002172589
16-06-14,0.000843076,0.000836708
13-06-14,0.00315742,0.003134536
12-06-14,-0.007443058,-0.007088878
11-06-14,-0.003235343,-0.003537029
10-06-14,0.000223177,-0.000245994
09-06-14,0.001005306,0.000938731
06-06-14,0.004769921,0.004627769
05-06-14,0.006779661,0.006525302
04-06-14,0.001811184,0.001891656
03-06-14,-0.000622207,-0.000379227
02-06-14,0.001359388,0.000727813
30-05-14,0.001304446,0.001843721
29-05-14,0.005703856,0.00536711
28-05-14,-0.001025641,-0.001114069
27-05-14,0.005903594,0.005987803
23-05-14,0.004143885,0.004248371
22-05-14,0.002712373,0.002362251
21-05-14,0.00867338,0.00811606
20-05-14,-0.006592263,-0.006498398
19-05-14,0.003423465,0.003844802
16-05-14,0.003902837,0.00374696
15-05-14,-0.009005369,-0.009361779
14-05-14,-0.004825645,-0.004701046
13-05-14,0.000920016,0.000421796
12-05-14,0.009461342,0.009672714
09-05-14,0.001744389,0.001519489
08-05-14,-0.001219583,-0.001373648
07-05-14,0.005900222,0.005616474
06-05-14,-0.008686588,-0.008988359
05-05-14,0.002089136,0.001871206
02-05-14,-0.001622248,-0.001348424
01-05-14,5.79408E-05,-0.000143316
30-04-14,0.003138622,0.00299202
29-04-14,0.00478888,0.004760809
28-04-14,0.003046102,0.00323602
25-04-14,-0.00801906,-0.008096412
24-04-14,0.002213034,0.001716976
23-04-14,-0.002382059,-0.002213296
22-04-14,0.004376495,0.004092121
21-04-14,0.003689821,0.003775103
17-04-14,0.001172745,0.001363898
16-04-14,0.010547523,0.010488448
15-04-14,0.006921241,0.00675731
14-04-14,0.008059666,0.008217262
11-04-14,-0.009000417,-0.009486765
10-04-14,-0.021349822,-0.020884744
09-04-14,0.010790094,0.010918162
08-04-14,0.004144464,0.003750596
07-04-14,-0.010776619,-0.010750151
04-04-14,-0.012035644,-0.01253726
03-04-14,-0.001559882,-0.001126448
02-04-14,0.00342029,0.002853324
01-04-14,0.006711409,0.00703932
31-03-14,0.008534432,0.007924118
28-03-14,0.004433934,0.004640246
27-03-14,-0.002006018,-0.001900073
26-03-14,-0.007379209,-0.007000354
25-03-14,0.004884652,0.004403911
24-03-14,-0.008750438,-0.004864668
21-03-14,-0.003314146,-0.002932677
20-03-14,0.005671851,0.00604051
19-03-14,-0.005466388,-0.00613166
18-03-14,0.007086384,0.007219595
17-03-14,0.008981859,0.009613661
14-03-14,-0.002887108,-0.002821799
13-03-14,-0.011070971,-0.011701103
12-03-14,0.000699708,0.0003052
11-03-14,-0.005508843,-0.005082118
10-03-14,0.000173994,-0.000463249
07-03-14,-0.000231938,0.000538084
06-03-14,0.003199348,0.001718424
05-03-14,0.00017454,-5.33644E-05
04-03-14,0.014280656,0.015267672
03-03-14,-0.006856942,-0.007378526
28-02-14,0.002232012,0.002782736
27-02-14,0.005551946,0.00494808
26-02-14,0,2.16788E-05
25-02-14,-0.000354254,-0.001347687
24-02-14,0.004745803,0.006186521
21-02-14,-0.000474355,-0.001918708
20-02-14,0.005664878,0.006031442
19-02-14,-0.006869596,-0.006524479
18-02-14,0.001482712,0.001158471
14-02-14,0.005306463,0.00480919
13-02-14,0.004913122,0.005810055
12-02-14,0.00089955,-0.000269268
11-02-14,0.011034985,0.011062094
10-02-14,0.001578915,0.001569265
07-02-14,0.012917512,0.013301906
06-02-14,0.013402319,0.012439771
05-02-14,-0.001680254,-0.002028259
04-02-14,0.006766493,0.007641125
03-02-14,-0.021877681,-0.022831947
31-01-14,-0.006211937,-0.006465313
30-01-14,0.011208277,0.01126705
29-01-14,-0.01042111,-0.010209205
28-01-14,0.006193279,0.006140686
27-01-14,-0.004881621,-0.004876305
24-01-14,-0.021495104,-0.020875491
23-01-14,-0.008054963,-0.008889563
22-01-14,0.000592628,0.0005749
21-01-14,0.003150823,0.002773699
17-01-14,-0.004321061,-0.00389514
16-01-14,-0.001536643,-0.001347126
15-01-14,0.00564636,0.005166188
14-01-14,0.010389142,0.010817942
13-01-14,-0.012688249,-0.012576193
10-01-14,0.002317704,0.002306692
09-01-14,0.000594636,0.000348301
08-01-14,0.000416419,-0.000212201
07-01-14,0.006225308,0.006081773
06-01-14,-0.002507762,-0.002511781
03-01-14,-0.000894828,-0.000332973
02-01-14,-0.008986107,-0.00886191
31-12-13,0.004632654,0.003959654
30-12-13,-0.000415578,-0.000179211
27-12-13,5.93718E-05,-0.000336587
26-12-13,0.00465255,0.004745489
24-12-13,-0.007694584,0.002915771
23-12-13,0.010587391,0.005318096
20-12-13,0.005049898,0.004818744
19-12-13,-0.000900955,-0.000579902
18-12-13,0.01741628,0.016647951
17-12-13,-0.003531848,-0.003100966
16-12-13,0.00637333,0.006319987
13-12-13,-0.000306316,-0.00010138
12-12-13,-0.003297307,-0.003770578
11-12-13,-0.01134923,-0.011316861
10-12-13,-0.00342919,-0.003179659
09-12-13,0.002291365,0.001817084
06-12-13,0.011342847,0.011237906
05-12-13,-0.003827228,-0.004339556
04-12-13,-0.001152913,-0.001303512
03-12-13,-0.003868472,-0.003192848
02-12-13,-0.001569101,-0.002719001
29-11-13,-0.001446306,-0.000785733
27-11-13,0.002719198,0.002485092
26-11-13,-0.000483179,0.000149794
25-11-13,-0.00060361,-0.001263326
22-11-13,0.00509616,0.004961439
21-11-13,0.007826353,0.008128575
20-11-13,-0.003169379,-0.003635611
19-11-13,-0.00194659,-0.002042947
18-11-13,-0.00369697,-0.003698184
15-11-13,0.004321626,0.004222001
14-11-13,0.005569837,0.004837262
13-11-13,0.007709862,0.008095311
12-11-13,-0.001785494,-0.00237035
11-11-13,-0.000184672,0.000722915
08-11-13,0.013728549,0.013427582
07-11-13,-0.012813405,-0.013182791
06-11-13,0.004641664,0.004265529
05-11-13,-0.003023385,-0.002805541
04-11-13,0.004524606,0.003570537
01-11-13,0.002859274,0.002903435
31-10-13,-0.00371563,-0.00383937
30-10-13,-0.005603793,-0.004875984
29-10-13,0.006133829,0.005584214
28-10-13,0.001240695,0.001329719
25-10-13,0.004611741,0.004394802
24-10-13,0.003251219,0.003258168
23-10-13,-0.004605427,-0.004724535
22-10-13,0.005381054,0.005737508
21-10-13,0.000500814,9.17168E-05
18-10-13,0.006680111,0.00654877
17-10-13,0.006852792,0.006743962
16-10-13,0.013635194,0.013827544
15-10-13,-0.007405516,-0.007063749
14-10-13,0.004360092,0.004074683
11-10-13,0.005933953,0.006286335
10-10-13,0.022556391,0.021830476
09-10-13,0,0.000573862
08-10-13,-0.011603651,-0.012332053
07-10-13,-0.008531541,-0.008506359
04-10-13,0.007291667,0.007053245
03-10-13,-0.008904375,-0.008979438
02-10-13,-0.001288826,-0.000666667
01-10-13,0.007662338,0.007998573
30-09-13,-0.005553403,-0.00602926
27-09-13,-0.004243827,-0.004073775
26-09-13,0.004002582,0.003485411
25-09-13,-0.003217503,-0.002739452
24-09-13,-0.002183126,-0.002597189
23-09-13,-0.008656906,-0.004719547
20-09-13,-0.007831249,-0.007216926
19-09-13,-0.001639344,-0.001842923
18-09-13,0.011995916,0.012177667
17-09-13,0.004100461,0.004217719
16-09-13,0.006059043,0.005693162
13-09-13,0.002066916,0.002714712
12-09-13,-0.002448454,-0.003380438
11-09-13,0.003102378,0.003052275
10-09-13,0.007554051,0.007345772
09-09-13,0.009864527,0.009992931
06-09-13,0.00171278,5.4378E-05
05-09-13,-0.000263435,0.001209863
04-09-13,0.008367645,0.008116992
03-09-13,0.005878424,0.004164192
30-08-13,-0.004389465,-0.003174274
29-08-13,0.001598721,0.001963351
28-08-13,0.003341799,0.002747657
27-08-13,-0.016434394,-0.015874166
26-08-13,-0.003145478,-0.004039675
23-08-13,0.003287311,0.003946987
22-08-13,0.008754477,0.00861943
21-08-13,-0.005146477,-0.005779647
20-08-13,0.003974563,0.003821246
19-08-13,-0.006319115,-0.005900364
16-08-13,-0.002887897,-0.003304601
15-08-13,-0.014616479,-0.014281561
14-08-13,-0.005659164,-0.005176607
13-08-13,0.003873467,0.002776019
12-08-13,-0.001289491,-0.001152877
09-08-13,-0.002828854,-0.003569998
08-08-13,0.003483871,0.003885482
07-08-13,-0.003471776,-0.003805888
06-08-13,-0.006007157,-0.005723022
05-08-13,-0.000638651,-0.001479818
02-08-13,0.001535116,0.00164043
01-08-13,0.012171436,0.012540561
31-07-13,0.000259034,-0.000136421
30-07-13,6.47626E-05,0.000373814
29-07-13,-0.00290585,-0.003735997
26-07-13,0.001293159,0.00082828
25-07-13,0.001813706,0.002556437
24-07-13,-0.003742901,-0.003811178
23-07-13,-0.002060793,-0.001851928
22-07-13,0.001806452,0.002032989
19-07-13,0.001809721,0.001610068
18-07-13,0.005720229,0.005032988
17-07-13,0.002476215,0.002774033
16-07-13,-0.003765256,-0.003708767
15-07-13,0.003648684,0.001374845
12-07-13,0.000260688,0.00308653
11-07-13,0.014144085,0.013554235
10-07-13,0.000264445,0.000181563
09-07-13,0.007593925,0.007229679
08-07-13,0.005222981,0.005251579
05-07-13,0.011103588,0.010201744
03-07-13,0.000948767,0.000823999
02-07-13,-0.001488699,-0.000544905
01-07-13,0.007499318,0.00540379
28-06-13,-0.006233062,-0.004289611
27-06-13,0.006683945,0.006199868
26-06-13,0.009362522,0.009590499
25-06-13,0.010012516,0.009497232
24-06-13,-0.017622951,-0.012144961
21-06-13,0.00315198,0.002669706
20-06-13,-0.025377321,-0.025010283
19-06-13,-0.01331049,-0.013851472
18-06-13,0.007702523,0.007791146
17-06-13,0.008032129,0.007567328
14-06-13,-0.006120277,-0.005885013
13-06-13,0.014441895,0.014784313
12-06-13,-0.00776751,-0.008369565
11-06-13,-0.010206787,-0.010153335
10-06-13,-0.000397509,-0.000346846
07-06-13,0.01397286,0.012831575
06-06-13,0.007853758,0.008490273
05-06-13,-0.015333333,-0.013779745
04-06-13,-0.003057291,-0.005510784
03-06-13,0.005211117,0.005935955
31-05-13,-0.014614878,-0.014307215
30-05-13,0.004363925,0.003670315
29-05-13,-0.007611549,-0.007047938
28-05-13,0.007137193,0.006340931
24-05-13,-0.001319958,-0.000551345
23-05-13,-0.00355123,-0.002923853
22-05-13,-0.006663183,-0.008273623
21-05-13,0.001308216,0.001722389
20-05-13,0,-0.000707659
17-05-13,0.009508716,0.010300096
16-05-13,-0.004601025,-0.005009706
15-05-13,0.005684823,0.005114098
14-05-13,0.010554442,0.010142186
13-05-13,-0.000133583,4.28475E-05
10-05-13,0.003485255,0.004321712
09-05-13,-0.00294039,-0.003687167
08-05-13,0.005239823,0.004139093
07-05-13,0.005131668,0.005230294
06-05-13,0.003115687,0.001907806
03-05-13,0.009435252,0.010534618
02-05-13,0.008967991,0.009407974
01-05-13,-0.00902379,-0.009307886
30-04-13,0.003154574,0.002484924
29-04-13,0.006488128,0.007186015
26-04-13,-0.002203857,-0.001842085
25-04-13,0.004427227,0.004034735
24-04-13,0.000276778,6.334E-06
23-04-13,0.010629371,0.0104192
22-04-13,0.004495645,0.00466163
19-04-13,0.010648871,0.008847893
18-04-13,-0.008167864,-0.006700988
17-04-13,-0.014707923,-0.014327721
16-04-13,0.014070635,0.014307248
15-04-13,-0.022824144,-0.022966296
12-04-13,-0.002195088,-0.002836755
11-04-13,0.00330351,0.003552241
10-04-13,0.012261391,0.012189136
09-04-13,0.003635855,0.003544307
08-04-13,0.006191079,0.006302792
05-04-13,-0.003924317,-0.004294927
04-04-13,0.003939778,0.004048427
03-04-13,-0.010029252,-0.010546091
02-04-13,0.004899216,0.005172292
01-04-13,-0.002791736,-0.004473646
28-03-13,0.002238388,0.004056691
27-03-13,-0.000559284,-0.000588322
26-03-13,0.00746584,0.00778506
25-03-13,-0.002809383,-0.003339992
22-03-13,0.002534854,0.007174279
21-03-13,-0.00810169,-0.00828249
20-03-13,0.006891702,0.006697495
19-03-13,-0.002385295,-0.002422524
18-03-13,-0.005442367,-0.005510348
15-03-13,-0.001393534,-0.001618444
14-03-13,0.00532362,0.005603016
13-03-13,0.001402918,0.001314027
12-03-13,-0.002239642,-0.002403259
11-03-13,0.003652711,0.003249139
08-03-13,0.003949224,0.004481111
07-03-13,0.001836937,0.00181646
06-03-13,0.001840317,0.001084563
05-03-13,0.008566533,0.009565959
04-03-13,0.005599426,0.004610723
01-03-13,0.002591046,0.002323923
28-02-13,-0.001150252,-0.000864122
27-02-13,0.012520017,0.012725961
26-02-13,0.006741902,0.006109487
25-02-13,-0.018838079,-0.01830958
22-02-13,0.00870322,0.008772514
21-02-13,-0.004763967,-0.006303118
20-02-13,-0.012403764,-0.012404144
19-02-13,0.006890612,0.00733654
15-02-13,-0.001290323,-0.001045104
14-02-13,0.00143575,0.00069064
13-02-13,0.000862193,0.000592327
12-02-13,0.001583189,0.001595243
11-02-13,-0.000431593,-0.000606089
08-02-13,0.00549689,0.005657915
07-02-13,-0.001300202,-0.001805412
06-02-13,0.000867553,0.0005492
05-02-13,0.010224949,0.010416458
04-02-13,-0.010979486,-0.01153869
01-02-13,0.009626604,0.010052666
31-01-13,-0.002328289,-0.002563317
30-01-13,-0.003913611,-0.003899618
29-01-13,0.004075098,0.005106054
28-01-13,-0.00116296,-0.001849683
25-01-13,0.005554743,0.005445472
24-01-13,0.000585052,6.68981E-06
23-01-13,0.001464772,0.001507477
22-01-13,0.004857227,0.004428054
18-01-13,0.002878441,0.003403244
17-01-13,0.006163671,0.005642965
16-01-13,0,0.000196965
15-01-13,0.000445765,0.00112873
14-01-13,-0.000890736,-0.000930675
11-01-13,0.000445567,-4.75505E-05
10-01-13,0.00733094,0.007597432
09-01-13,0.0030012,0.002655869
08-01-13,-0.00299222,-0.003242378
07-01-13,-0.002685765,-0.003123146
04-01-13,0.004195385,0.004865113
03-01-13,-0.000898204,-0.002085584
02-01-13,0.024697039,0.025403347
31-12-12,0.017163364,0.016942022
28-12-12,-0.011109397,-0.011049996
27-12-12,-0.000924927,-0.001218456
26-12-12,-0.00475606,-0.004787406
24-12-12,-0.010024301,-0.002440303
21-12-12,-0.00932892,-0.009378745
20-12-12,0.006207419,0.005488191
19-12-12,-0.007363992,-0.007589215
18-12-12,0.01017155,0.011486619
17-12-12,0.011983408,0.01187057
14-12-12,-0.003215926,-0.004135405
13-12-12,-0.00608828,-0.006321405
12-12-12,0.000761615,0.000448229
11-12-12,0.006438755,0.006548941
10-12-12,0.000613591,0.000338488
07-12-12,0.003077397,0.002920916
06-12-12,0.003086896,0.003306653
05-12-12,0.002165507,0.001584876
04-12-12,-0.00185271,-0.001709875
03-12-12,-0.003538462,-0.00474516
30-11-12,-0.000922226,0.000162435
29-11-12,0.004477382,0.004269716
28-11-12,0.007466169,0.007855948
27-11-12,-0.004798762,-0.005226518
26-11-12,-0.001236858,-0.002029592
23-11-12,0.01268201,0.013026319
21-11-12,0.002196768,0.002320202
20-11-12,0.001099592,0.000663355
19-11-12,0.020355826,0.019862047
16-11-12,0.00515547,0.004839913
15-11-12,-0.003851709,-0.00159352
14-11-12,-0.012206722,-0.013852008
13-11-12,-0.003632917,-0.003985421
12-11-12,0.0014236,0.000130449
09-11-12,0.001108472,0.001698717
08-11-12,-0.01328125,-0.012204829
07-11-12,-0.021855418,-0.023705011
06-11-12,0.0073903,0.007853181
05-11-12,0.002314815,0.002163768
02-11-12,-0.009022786,-0.009379444
01-11-12,0.011759245,0.010926524
31-10-12,-0.0009275,0.000155814
26-10-12,-0.00077232,-0.000728961
25-10-12,0.002788104,0.002995563
24-10-12,-0.002163833,-0.003085393
23-10-12,-0.014620774,-0.014443933
22-10-12,0.00060957,0.000439579
19-10-12,-0.017076093,-0.016571287
18-10-12,-0.002539967,-0.002443682
17-10-12,0.004653257,0.004117065
16-10-12,0.010159212,0.010269906
15-10-12,0.008409786,0.008077895
12-10-12,-0.003504495,-0.002966137
11-10-12,0.000609849,0.000195454
10-10-12,-0.006814052,-0.006188084
09-10-12,-0.009746589,-0.009890925
08-10-12,-0.002989984,-0.003456702
05-10-12,-0.000298909,-0.000321609
04-10-12,0.007680723,0.007174412
03-10-12,0.004082867,0.003624416
02-10-12,0.00136281,0.00087228
01-10-12,0.001820388,0.002651544
28-09-12,-0.004530353,-0.004477767
27-09-12,0.009759073,0.009648927
26-09-12,-0.006363636,-0.005736721
25-09-12,-0.01019796,-0.010501822
24-09-12,-0.006407391,-0.002232647
21-09-12,-0.000595681,-7.53291E-05
20-09-12,-0.000148898,-0.000540707
19-09-12,0.000745045,0.001185484
18-09-12,-0.001041977,-0.001279779
17-09-12,-0.00296824,-0.003124638
14-09-12,0.004172876,0.003958931
13-09-12,0.015897048,0.016309796
12-09-12,0.00318955,0.002092692
11-09-12,0.002741395,0.003134884
10-09-12,-0.005904618,-0.006147769
07-09-12,0.004104591,0.00404994
06-09-12,0.020794538,0.020435501
05-09-12,0,-0.001067661
04-09-12,-0.002631172,-0.001165949
31-08-12,0.005290182,0.005073313
30-08-12,-0.007566399,-0.007805798
29-08-12,0.000927357,0.000844391
28-08-12,-0.000926498,-0.000808258
27-08-12,0,-0.00048897
24-08-12,0.00621504,0.006454696
23-08-12,-0.007861878,-0.008072218
22-08-12,0.000154178,0.000226441
21-08-12,-0.003074085,-0.003497564
20-08-12,-0.000307314,-2.11542E-05
17-08-12,0.00231018,0.001872117
16-08-12,0.006822763,0.007100524
15-08-12,0.001086619,0.001139658
14-08-12,0.000465911,-0.000128195
13-08-12,-0.000775916,-0.001251894
10-08-12,0.001554243,0.00218848
09-08-12,0.001089155,0.00041363
08-08-12,0.001090343,0.00062083
07-08-12,0.004537631,0.005106761
06-08-12,0.002667085,0.002329276
03-08-12,0.019513756,0.019040293
02-08-12,-0.006988564,-0.007373795
01-08-12,-0.001110582,-0.003030479
31-07-12,-0.006462799,-0.004316754
30-07-12,-0.000472664,-0.000483416
27-07-12,0.019270917,0.019080602
26-07-12,0.016321201,0.016540971
25-07-12,-0.000652422,-0.000313829
24-07-12,-0.007928803,-0.009040962
23-07-12,-0.009932714,-0.008909046
20-07-12,-0.009206349,-0.010061678
19-07-12,0.002546149,0.002717114
18-07-12,0.007212694,0.006680502
17-07-12,0.007102502,0.007409651
16-07-12,-0.002254791,-0.002314303
13-07-12,0.017035217,0.016497348
12-07-12,-0.005214274,-0.004987141
11-07-12,0.000162973,-1.4909E-05
10-07-12,-0.00920394,-0.008125933
09-07-12,-0.001290114,-0.001638763
06-07-12,-0.009266656,-0.009432721
05-07-12,-0.004295259,-0.004686977
03-07-12,0.006565252,0.006232104
02-07-12,0.002729608,0.002459329
29-06-12,0.024847787,0.024920243
28-06-12,-0.002298473,-0.002109847
27-06-12,0.00894484,0.008984917
26-06-12,0.004826897,0.004772707
25-06-12,-0.021020042,-0.015954817
22-06-12,0.007221402,0.007174597
21-06-12,-0.021990369,-0.022261727
20-06-12,-0.001602564,-0.001686328
19-06-12,0.010199126,0.009815732
18-06-12,0.00210902,0.001444699
15-06-12,0.008837971,0.010337823
14-06-12,0.011087208,0.010814675
13-06-12,-0.006575703,-0.007023214
12-06-12,0.011641444,0.011650738
11-06-12,-0.012157056,-0.012620129
08-06-12,0.008282259,0.00811413
07-06-12,-0.000165618,-0.000106453
06-06-12,0.023910463,0.023049397
05-06-12,0.005799079,0.005726893
04-06-12,-0.000341006,0.000109543
01-06-12,-0.024451098,-0.024642647
31-05-12,-0.0024888,-0.002276673
30-05-12,-0.014390842,-0.014334819
29-05-12,0.011412504,0.011078903
25-05-12,-0.002310231,-0.002165551
24-05-12,0.001818482,0.00137998
23-05-12,0,0.001693718
22-05-12,0.002153744,0.000486326
21-05-12,0.016846361,0.016035886
18-05-12,-0.007855591,-0.007387766
17-05-12,-0.015144033,-0.015051329
16-05-12,-0.004261596,-0.00440383
15-05-12,-0.005541972,-0.005745881
14-05-12,-0.010643445,-0.011112835
11-05-12,-0.003214917,-0.003387359
10-05-12,0.001771337,0.002517385
09-05-12,-0.005604484,-0.006702256
08-05-12,-0.004304847,-0.004278684
07-05-12,0.00079783,0.000350595
04-05-12,-0.016323968,-0.016147229
03-05-12,-0.007323154,-0.007658792
02-05-12,-0.003106555,-0.002496763
01-05-12,0.006566604,0.005658447
30-04-12,-0.004358655,-0.003883537
27-04-12,0.002027765,0.00241432
26-04-12,0.006910633,0.006680137
25-04-12,0.014014971,0.013644613
24-04-12,0.003676471,0.003679752
23-04-12,-0.008557845,-0.008407507
20-04-12,0.001587302,0.001169276
19-04-12,-0.006465857,-0.005934418
18-04-12,-0.003457489,-0.004055278
17-04-12,0.015318334,0.015486613
16-04-12,-0.001115716,-0.000503554
13-04-12,-0.011968504,-0.012475046
12-04-12,0.013729246,0.013779398
11-04-12,0.008208595,0.007448899
10-04-12,-0.017396805,-0.017081464
09-04-12,-0.01110416,-0.011358434
05-04-12,-0.000312695,-0.000629039
04-04-12,-0.010519802,-0.010202493
03-04-12,-0.003852674,-0.003988612
02-04-12,0.008078297,0.007504597
30-03-12,0.003273067,0.003698478
29-03-12,-0.001711529,-0.001607923
28-03-12,-0.004800248,-0.004941523
27-03-12,-0.002779494,-0.002816782
26-03-12,0.009037083,0.013885807
23-03-12,0.003910527,0.00310889
22-03-12,-0.00776036,-0.007206552
21-03-12,-0.001549667,-0.001871194
20-03-12,-0.002781641,-0.003000532
19-03-12,0.004189944,0.003973878
16-03-12,0.001398601,0.00111935
15-03-12,0.005154639,0.005967238
14-03-12,-0.000780396,-0.001196318
13-03-12,0.017953607,0.01813156
12-03-12,0.000476872,0.000160482
09-03-12,0.003829616,0.003631279
08-03-12,0.009666473,0.00981791
07-03-12,0.007957129,0.006900607
06-03-12,-0.015664962,-0.015370182
05-03-12,-0.00429731,-0.003869658
02-03-12,-0.002698413,-0.003245784
01-03-12,0.006550567,0.006158104
29-02-12,-0.005402829,-0.004736988
28-02-12,0.003508212,0.003356269
27-02-12,0.001757188,0.001354577
24-02-12,0.00143977,0.001672216
23-02-12,0.004822376,0.004272056
22-02-12,-0.003364306,-0.00334016
21-02-12,0.000641231,0.000719937
17-02-12,0.002410413,0.002348974
16-02-12,0.010883691,0.011025662
15-02-12,-0.004431219,-0.005383191
14-02-12,-0.001388889,-0.000939509
13-02-12,0.007648495,0.006800036
10-02-12,-0.006788427,-0.006886349
09-02-12,0.001132702,0.001474118
08-02-12,0.002107978,0.002160276
07-02-12,0.003090436,0.002023313
06-02-12,-0.001461751,-0.000423823
03-02-12,0.014165706,0.014605368
02-02-12,0.001980525,0.001095092
01-02-12,0.009496834,0.008899658
31-01-12,-0.000499584,-0.000456965
30-01-12,-0.003319502,-0.002522164
27-01-12,-0.00132604,-0.001592804
26-01-12,-0.005112137,-0.00574639
25-01-12,0.008817169,0.00867151
24-01-12,-0.001495017,-0.001025836
23-01-12,0.000997672,0.000471347
20-01-12,0,0.000669456
19-01-12,0.005349381,0.004938687
18-01-12,0.011156187,0.011107933
17-01-12,0.002711864,0.003552894
13-01-12,-0.004219409,-0.004947897
12-01-12,0.002198917,0.002336593
11-01-12,0.001015916,0.000309578
10-01-12,0.008538251,0.008885766
09-01-12,0.001539251,0.002261682
06-01-12,-0.002048131,-0.002536962
05-01-12,0.003253425,0.002943709
04-01-12,0.001715266,0.000187932
03-01-12,0.014795474,0.015473919
30-12-11,-0.003814808,-0.004291302
29-12-11,0.009098863,0.010707084
28-12-11,-0.012270999,-0.012477972
27-12-11,0.001038062,7.90308E-05
23-12-11,0.001906743,0.009035088
22-12-11,0.009448819,0.008265526
21-12-11,0.002983503,0.001949569
20-12-11,0.029821074,0.029825362
19-12-11,-0.01019678,-0.011732778
16-12-11,0.000716076,0.003216122
15-12-11,0.003773585,0.003243056
14-12-11,-0.01119403,-0.011348339
13-12-11,-0.009503696,-0.008686017
12-12-11,-0.014397225,-0.014914077
09-12-11,0.016934204,0.01688338
08-12-11,-0.021574042,-0.021141783
07-12-11,0.003290043,0.002018324
06-12-11,0.000866551,0.001105737
05-12-11,0.010861948,0.010287074
02-12-11,-0.000525302,-0.000241045
01-12-11,-0.000699913,-0.001908642
30-11-11,0.040983607,0.043315289
29-11-11,0.002922908,0.002213744
28-11-11,0.029915334,0.029240422
25-11-11,-0.003001313,-0.002685511
23-11-11,-0.021116416,-0.022095216
22-11-11,-0.005296804,-0.004140891
21-11-11,-0.01793722,-0.01864846
18-11-11,-0.001432921,-0.000394695
17-11-11,-0.016038068,-0.016799929
16-11-11,-0.016126235,-0.016616182
15-11-11,0.005229214,0.00481714
14-11-11,-0.009701029,-0.009550184
11-11-11,0.019570574,0.019488743
10-11-11,0.009057006,0.008616061
09-11-11,-0.036117768,-0.036695091
08-11-11,0.011952191,0.0117356
07-11-11,0.005784174,0.006295732
04-11-11,-0.005750909,-0.006279983
03-11-11,0.018525053,0.018781808
02-11-11,0.015770609,0.016104672
01-11-11,-0.026517795,-0.027942233
31-10-11,-0.025667177,-0.024737567
28-10-11,0.001020929,0.000389229
27-10-11,0.034500968,0.034291465
26-10-11,0.009596588,0.010536593
25-10-11,-0.019344719,-0.02004481
24-10-11,0.012707377,0.012873006
21-10-11,0.019248066,0.018808777
20-10-11,0.004517528,0.004554171
19-10-11,-0.012491078,-0.012649137
18-10-11,0.020021842,0.0204187
17-10-11,-0.018753349,-0.019369906
14-10-11,0.016521423,0.017380323
13-10-11,-0.001450326,-0.002973701
12-10-11,0.009147457,0.009794737
11-10-11,-0.000365764,0.000543983
10-10-11,0.033843827,0.034124937
07-10-11,-0.007692308,-0.0081633
06-10-11,0.019315357,0.018303716
05-10-11,0.019894675,0.017865563
04-10-11,0.021925453,0.022488469
03-10-11,-0.030718702,-0.028450973
30-09-11,-0.023764617,-0.024974147
29-09-11,0.007218845,0.00811426
28-09-11,-0.019921802,-0.020691181
27-09-11,0.011487759,0.010688336
26-09-11,0.024305556,0.023336237
23-09-11,-0.000963577,0.006082014
22-09-11,-0.031360836,-0.031883164
21-09-11,-0.030231716,-0.029390478
20-09-11,-0.001626604,-0.001661005
19-09-11,-0.009310654,-0.009802551
16-09-11,0.005943804,0.005706677
15-09-11,0.017222426,0.017187132
14-09-11,0.014121145,0.013479755
13-09-11,0.008244676,0.009120084
12-09-11,0.007167925,0.006965683
09-09-11,-0.026272276,-0.026705456
08-09-11,-0.010543538,-0.010612204
07-09-11,0.028224299,0.028646459
06-09-11,-0.006868387,-0.007436306
02-09-11,-0.025858951,-0.025281878
01-09-11,-0.009670487,-0.011871457
31-08-11,0.005039597,0.004922006
30-08-11,0.001803101,0.002346952
29-08-11,0.02913342,0.028280082
26-08-11,0.013160368,0.015121585
25-08-11,-0.015,-0.015565557
24-08-11,0.013703773,0.013119972
23-08-11,0.034569819,0.03428485
22-08-11,0.000777454,0.000258115
19-08-11,-0.019065777,-0.015008986
18-08-11,-0.041483918,-0.044593723
17-08-11,0.001097695,0.000947383
16-08-11,-0.008525304,-0.009738562
15-08-11,0.020502606,0.021784681
12-08-11,0.00806867,0.005261632
11-08-11,0.043825477,0.046290017
10-08-11,-0.043413453,-0.044152388
09-08-11,0.044773214,0.047406785
08-08-11,-0.064128257,-0.066634428
05-08-11,-0.002181422,-0.000574966
04-08-11,-0.046785652,-0.047820429
03-08-11,0.005033002,0.005015749
02-08-11,-0.024944812,-0.025556747
01-08-11,-0.003553299,-0.004132231
29-07-11,-0.007723321,-0.006450522
28-07-11,-0.002846124,-0.003233989
27-07-11,-0.019855596,-0.020308723
26-07-11,-0.004248366,-0.004104888
25-07-11,-0.005686434,-0.005643039
22-07-11,0.000813008,0.000907873
21-07-11,0.013346532,0.013546129
20-07-11,-1.64772E-08,-0.000670822
19-07-11,0.016242465,0.016308678
18-07-11,-0.008467541,-0.008129834
15-07-11,0.005509182,0.00555441
14-07-11,-0.006468734,-0.006716146
13-07-11,0.00349534,0.003105874
12-07-11,-0.004473902,-0.004433531
11-07-11,-0.0185396,-0.01809049
08-07-11,-0.006784041,-0.006961174
07-07-11,0.010940562,0.010453846
06-07-11,0.001471791,0.001001585
05-07-11,-0.001632653,-0.00133615
01-07-11,0.015081206,0.01440968
30-06-11,0.009536557,0.010119243
29-06-11,0.008946624,0.008282755
28-06-11,0.012822739,0.012944301
27-06-11,0.008448276,0.009184438
24-06-11,-0.015814837,-0.01172575
23-06-11,-0.003348554,-0.002827975
22-06-11,-0.005884331,-0.006468445
21-06-11,0.013633265,0.013423449
20-06-11,0.005655527,0.005395203
17-06-11,0.002749613,0.003045029
16-06-11,0.001893939,0.001754358
15-06-11,-0.01742514,-0.017431884
14-06-11,0.012851268,0.012611748
13-06-11,0.000685871,0.000668775
10-06-11,-0.014008785,-0.013979829
09-06-11,0.007642249,0.007377536
08-06-11,-0.004071938,-0.004186966
07-06-11,-0.001355473,-0.000956328
06-06-11,-0.010561609,-0.010760214
03-06-11,-0.009629753,-0.00973388
02-06-11,-0.001160862,-0.001224754
01-06-11,-0.022215015,-0.022784716
31-05-11,0.010056342,0.010592743
27-05-11,0.00437572,0.004080894
26-05-11,0.003963666,0.003953138
25-05-11,0.003314002,0.003183213
24-05-11,-0.000827815,-0.000827406
23-05-11,-0.011852858,-0.011925566
20-05-11,-0.006751706,-0.0076883
19-05-11,0.00130166,0.002177999
18-05-11,0.009361143,0.008803744
17-05-11,-0.000164204,-0.000368568
16-05-11,-0.00626591,-0.006204355
13-05-11,-0.008670333,-0.008067327
12-05-11,0.005366726,0.004895386
11-05-11,-0.010539866,-0.011111439
10-05-11,0.008194368,0.008074041
09-05-11,0.004070696,0.004544098
06-05-11,0.00471343,0.003819939
05-05-11,-0.008712017,-0.009069857
04-05-11,-0.006783758,-0.006855273
03-05-11,-0.003212335,-0.003379321
02-05-11,-0.00224359,-0.001752701
29-04-11,0.00289296,0.002300659
28-04-11,0.003224766,0.003555464
27-04-11,0.006434234,0.006249814
26-04-11,0.008733017,0.008979592
25-04-11,-0.000968124,-0.001592666
21-04-11,0.004421813,0.005276767
20-04-11,0.013484268,0.013514955
19-04-11,0.006197655,0.005731186
18-04-11,-0.010934394,-0.011017823
15-04-11,0.003491272,0.003925387
14-04-11,0.000166279,8.36877E-05
13-04-11,0.000332668,0.000190236
12-04-11,-0.007331088,-0.007776754
11-04-11,-0.003389831,-0.002793317
08-04-11,-0.003770492,-0.004004469
07-04-11,-0.001800033,-0.001519984
06-04-11,0.00295421,0.002183652
05-04-11,0,-0.000180063
04-04-11,0.000492611,0.000345239
01-04-11,0.004618938,0.004962929
31-03-11,-0.001317957,-0.001829461
30-03-11,0.006767067,0.006684654
29-03-11,0.00654424,0.007060045
28-03-11,-0.002165584,-0.002747755
25-03-11,-0.001420601,0.003161126
24-03-11,0.00932505,0.009340753
23-03-11,0.003200269,0.002913965
22-03-11,-0.003524673,-0.003550578
21-03-11,0.015164423,0.014993746
18-03-11,0.004277892,0.004302358
17-03-11,0.012474012,0.013398256
16-03-11,-0.019017998,-0.019494957
15-03-11,-0.011109244,-0.011200333
14-03-11,-0.005847953,-0.006049315
11-03-11,0.006728343,0.00708048
10-03-11,-0.01832893,-0.018870926
09-03-11,-0.001154544,-0.001361759
08-03-11,0.009322457,0.008922779
07-03-11,-0.008745875,-0.008341218
04-03-11,-0.007371007,-0.007378078
03-03-11,0.017160946,0.017218978
02-03-11,0.002840434,0.001615212
01-03-11,-0.01707998,-0.015739666
28-02-11,0.005947464,0.005561112
25-02-11,0.010855043,0.010550494
24-02-11,-0.001001001,-0.00099434
23-02-11,-0.005640345,-0.006112023
22-02-11,-0.020474488,-0.020528514
18-02-11,0.001627604,0.001924755
17-02-11,0.003757556,0.003075611
16-02-11,0.006346179,0.006257483
15-02-11,-0.003538663,-0.003234959
14-02-11,0.002463459,0.002384983
11-02-11,0.006279954,0.005507349
10-02-11,0.000330633,0.0007495
09-02-11,-0.002473615,-0.00278581
08-02-11,0.004653814,0.00418483
07-02-11,0.00632044,0.006240131
04-02-11,0.002674691,0.002884248
03-02-11,0.002513826,0.00235424
02-02-11,-0.00167308,-0.002722566
01-02-11,0.015632965,0.016693621
31-01-11,0.00767097,0.007662535
28-01-11,-0.017628259,-0.017852471
27-01-11,0.001347482,0.002244279
26-01-11,0.005248899,0.004220945
25-01-11,-0.000338524,0.000263394
24-01-11,0.00613079,0.005836288
21-01-11,0.002253021,0.002413572
20-01-11,-0.001227412,-0.001294933
19-01-11,-0.009957806,-0.010115674
18-01-11,0.001690617,0.001376388
14-01-11,0.007151371,0.007384558
13-01-11,-0.001360313,-0.001710784
12-01-11,0.008920913,0.009007595
11-01-11,0.003270258,0.003725143
10-01-11,-0.000911423,-0.001376327
07-01-11,-0.002007894,-0.001844801
06-01-11,-0.001713192,-0.002122893
05-01-11,0.005339287,0.005007085
04-01-11,-0.000860437,-0.001313027
03-01-11,0.009379885,0.011314844
31-12-10,0.001043297,-0.000190797
30-12-10,-0.0015625,-0.0015082
29-12-10,0.00086881,0.00100913
28-12-10,0.00104366,0.000771347
27-12-10,-0.003812164,0.000612682
23-12-10,-0.001557093,-0.001644371
22-12-10,0.003646466,0.003379563
21-12-10,0.00611457,0.006030086
20-12-10,0.002100875,0.002548416
17-12-10,0.001402525,0.000836773
16-12-10,0.00581908,0.006185083
15-12-10,-0.004389045,-0.005122464
14-12-10,0.000526963,0.000910952
13-12-10,0.000527241,4.83715E-05
10-12-10,0.006011298,0.006001622
09-12-10,0.003726726,0.003842772
08-12-10,0.004098361,0.003701736
07-12-10,0.000356506,0.000515076
06-12-10,-0.001246217,-0.001298267
03-12-10,0.002498661,0.002603293
02-12-10,0.013017538,0.012818493
01-12-10,0.022555001,0.021617043
30-11-10,-0.006921622,-0.00607025
29-11-10,-0.00097212,-0.001378846
26-11-10,-0.005644772,-0.007468603
24-11-10,0.012922594,0.014922971
23-11-10,-0.014025501,-0.014284045
22-11-10,-0.000909918,-0.001575354
19-11-10,0.002371397,0.00254034
18-11-10,0.01480933,0.015357334
17-11-10,0.000741015,0.000212163
16-11-10,-0.016040831,-0.016205385
15-11-10,-0.000908761,-0.001217468
12-11-10,-0.012411871,-0.011808428
11-11-10,-0.003226963,-0.004242191
10-11-10,0.003779017,0.004376133
09-11-10,-0.00785574,-0.00805232
08-11-10,-0.001248217,-0.002120977
05-11-10,0.003938417,0.003922821
04-11-10,0.018785336,0.019282781
03-11-10,0.004212454,0.003678042
02-11-10,0.007751938,0.007759334
01-11-10,0.000554017,0.000946538
29-10-10,0.000739235,-0.000439271
28-10-10,0.000739782,0.001124783
27-10-10,-0.003134218,-0.00269053
26-10-10,-0.000184332,1.68688E-05
25-10-10,0.002958033,0.002146938
22-10-10,0.002409192,0.002389304
21-10-10,0.001484781,0.001773938
20-10-10,0.010690282,0.010524059
19-10-10,-0.0158741,-0.015877303
18-10-10,0.007251766,0.007243728
15-10-10,0.001862891,0.002027585
14-10-10,-0.003711952,-0.003641457
13-10-10,0.005974608,0.007121058
12-10-10,0.005821596,0.003818694
11-10-10,-0.001685417,0.000145904
08-10-10,0.007553835,0.006122308
07-10-10,-0.000528621,-0.001646594
06-10-10,-0.001696257,-0.000671979
05-10-10,0.021918336,0.020861367
04-10-10,-0.008403361,-0.008034966
01-10-10,0.003449598,0.004416404
30-09-10,-0.001530808,-0.003083697
29-09-10,-0.004760998,-0.002587784
28-09-10,0.006517155,0.004850459
27-09-10,-0.004769172,-0.005667424
24-09-10,0.014847124,0.021194314
23-09-10,-0.008197005,-0.008331276
22-09-10,-0.005345694,-0.004825493
21-09-10,-0.003048363,-0.00256408
20-09-10,0.01625387,0.015209801
17-09-10,0.000968429,0.000826917
16-09-10,-0.000387222,-0.000364422
15-09-10,0.002542751,0.003541165
14-09-10,-0.000213468,-0.000713076
13-09-10,0.012576145,0.011130639
10-09-10,0.004540071,0.004863337
