Date,XOM,S&P 500
22-07-21,57.11,4367.48
21-07-21,57.76,4358.69
20-07-21,55.96,4323.06
19-07-21,55.35,4258.49
16-07-21,57.32,4327.16
15-07-21,58.95,4360.03
14-07-21,59.53,4374.3
13-07-21,60.88,4369.21
12-07-21,61.17,4384.63
09-07-21,61.23,4369.55
08-07-21,60.14,4320.82
07-07-21,60.41,4358.13
06-07-21,61.37,4343.54
02-07-21,63.17,4352.34
01-07-21,63.26,4319.94
30-06-21,63.08,4297.5
29-06-21,62.62,4291.8
28-06-21,63.01,4290.61
25-06-21,64.66,4280.7
24-06-21,64.52,4266.49
23-06-21,64.26,4241.84
22-06-21,63.79,4246.44
21-06-21,62.59,4224.79
18-06-21,60.4,4166.45
17-06-21,61.99,4221.86
16-06-21,64.1,4223.7
15-06-21,64.33,4246.59
14-06-21,62.07,4255.15
11-06-21,62.17,4247.44
10-06-21,62.75,4239.18
09-06-21,62.65,4219.55
08-06-21,62.13,4227.26
07-06-21,61.05,4226.52
04-06-21,61.45,4229.89
03-06-21,61.18,4192.85
02-06-21,60.94,4208.12
01-06-21,60.46,4202.04
28-05-21,58.37,4204.11
27-05-21,58.56,4200.88
26-05-21,58.94,4195.99
25-05-21,58.26,4188.13
24-05-21,59.61,4197.05
21-05-21,58.92,4155.86
20-05-21,58.84,4159.12
19-05-21,58.98,4115.68
18-05-21,60.43,4127.83
17-05-21,62.19,4163.29
14-05-21,60.77,4173.85
13-05-21,59.3,4112.5
12-05-21,60.04,4063.04
11-05-21,60.59,4152.1
10-05-21,62.58,4188.43
07-05-21,62.43,4232.6
06-05-21,61.55,4201.62
05-05-21,60.97,4167.59
04-05-21,59.19,4164.66
03-05-21,58.82,4192.66
30-04-21,57.24,4181.17
29-04-21,58.94,4211.47
28-04-21,58.11,4183.18
27-04-21,56.41,4186.72
26-04-21,55.68,4187.62
23-04-21,55.57,4180.17
22-04-21,55.27,4134.98
21-04-21,56,4173.42
20-04-21,55.29,4134.94
19-04-21,56.48,4163.26
16-04-21,56.66,4185.47
15-04-21,56.98,4170.42
14-04-21,57.32,4124.66
13-04-21,55.71,4141.59
12-04-21,55.5,4127.99
09-04-21,55.87,4128.8
08-04-21,56,4097.17
07-04-21,56.59,4079.95
06-04-21,56.34,4073.94
05-04-21,56.5,4077.91
01-04-21,57.39,4019.87
31-03-21,55.83,3972.89
30-03-21,56.69,3958.55
29-03-21,57.4,3971.09
26-03-21,57.71,3974.54
25-03-21,56.18,3909.52
24-03-21,56.34,3889.14
23-03-21,55.22,3910.52
22-03-21,55.91,3940.59
19-03-21,56.49,3913.1
18-03-21,56.81,3915.46
17-03-21,59.37,3974.12
16-03-21,59.11,3962.71
15-03-21,60.39,3968.94
12-03-21,61.97,3943.34
11-03-21,61.31,3939.34
10-03-21,61.77,3898.81
09-03-21,59.93,3875.44
08-03-21,60.87,3821.35
05-03-21,60.93,3841.94
04-03-21,58.71,3768.47
03-03-21,56.52,3819.72
02-03-21,56.07,3870.29
01-03-21,56.4,3901.82
26-02-21,54.37,3811.15
25-02-21,55.76,3829.34
24-02-21,56.7,3925.43
23-02-21,55.05,3881.37
22-02-21,54.3,3876.5
19-02-21,52.37,3906.71
18-02-21,52.02,3913.97
17-02-21,52.85,3931.33
16-02-21,52.04,3932.59
12-02-21,50.52,3934.83
11-02-21,49.84,3916.38
10-02-21,51.12,3909.88
09-02-21,50.63,3911.23
08-02-21,52.1,3915.59
05-02-21,49.95,3886.83
04-02-21,48.33,3871.74
03-02-21,47.42,3830.17
02-02-21,45.63,3826.31
01-02-21,44.92,3773.86
29-01-21,44.84,3714.24
28-01-21,46.06,3787.38
27-01-21,45.35,3750.77
26-01-21,45.87,3849.62
25-01-21,46.9,3855.36
22-01-21,47.43,3841.47
21-01-21,48.11,3853.07
20-01-21,49.53,3851.85
19-01-21,48.84,3798.91
15-01-21,47.89,3768.25
14-01-21,50.31,3795.54
13-01-21,48.42,3809.84
12-01-21,47.88,3801.19
11-01-21,46.84,3799.61
08-01-21,45.46,3824.68
07-01-21,44.96,3803.79
06-01-21,44.61,3748.14
05-01-21,43.5,3726.86
04-01-21,41.5,3700.65
31-12-20,41.22,3756.07
30-12-20,41.6,3732.04
29-12-20,41.27,3727.04
28-12-20,41.74,3735.36
24-12-20,41.6,3703.06
23-12-20,41.77,3690.01
22-12-20,41.24,3687.26
21-12-20,41.95,3694.92
18-12-20,42.73,3709.41
17-12-20,43.48,3722.48
16-12-20,43.7,3701.17
15-12-20,43.04,3694.62
14-12-20,42.22,3647.49
11-12-20,43.8,3663.46
10-12-20,44.01,3668.1
09-12-20,42.8,3672.82
08-12-20,42.24,3702.25
07-12-20,40.9,3691.96
04-12-20,41.68,3699.12
03-12-20,40.21,3666.72
02-12-20,39.94,3669.01
01-12-20,38.5,3662.45
30-11-20,38.13,3621.63
27-11-20,40.19,3638.35
25-11-20,40.81,3629.65
24-11-20,41.98,3635.41
23-11-20,39.36,3577.59
20-11-20,36.94,3557.54
19-11-20,37.4,3581.87
18-11-20,37.21,3567.79
17-11-20,38.67,3609.53
16-11-20,38.16,3626.91
13-11-20,36.08,3585.15
12-11-20,35.23,3537.01
11-11-20,36.48,3572.66
10-11-20,36.86,3545.53
09-11-20,36.93,3550.5
06-11-20,32.78,3509.44
05-11-20,33.17,3510.45
04-11-20,33.23,3443.44
03-11-20,33.41,3369.16
02-11-20,33.99,3310.24
30-10-20,32.62,3269.96
29-10-20,32.97,3310.11
28-10-20,31.57,3271.03
27-10-20,32.82,3390.68
26-10-20,33.35,3400.97
23-10-20,34.16,3465.39
22-10-20,34.86,3453.49
21-10-20,33.16,3435.56
20-10-20,33.7,3443.12
19-10-20,33.42,3426.92
16-10-20,34.1,3483.81
15-10-20,34.45,3483.34
14-10-20,34.15,3488.67
13-10-20,34.22,3511.93
12-10-20,34.63,3534.22
09-10-20,34.74,3477.13
08-10-20,35.26,3446.83
07-10-20,33.5,3419.45
06-10-20,33.39,3360.95
05-10-20,33.74,3408.63
02-10-20,32.98,3348.44
01-10-20,33.13,3380.8
30-09-20,34.33,3363
29-09-20,34.28,3335.47
28-09-20,35.31,3351.6
25-09-20,34.64,3298.46
24-09-20,34.32,3246.59
23-09-20,34.39,3236.92
22-09-20,35.53,3315.57
21-09-20,36.43,3281.06
18-09-20,37.19,3319.47
17-09-20,37.8,3357.01
16-09-20,37.81,3385.49
15-09-20,36.27,3401.2
14-09-20,36.66,3383.54
11-09-20,36.9,3340.97
10-09-20,37,3339.19
09-09-20,37.95,3398.96
08-09-20,38.18,3331.84
04-09-20,39.08,3426.96
03-09-20,39.11,3455.06
02-09-20,39.19,3580.84
01-09-20,39.43,3526.65
31-08-20,39.94,3500.31
28-08-20,40.69,3508.01
27-08-20,39.74,3484.55
26-08-20,40.01,3478.73
25-08-20,40.88,3443.62
24-08-20,42.22,3431.28
21-08-20,41.01,3397.16
20-08-20,41.32,3385.51
19-08-20,41.96,3374.85
18-08-20,42.43,3389.78
17-08-20,42.64,3381.99
14-08-20,43.2,3372.85
13-08-20,43.01,3373.43
12-08-20,44.09,3380.35
11-08-20,44.97,3333.69
10-08-20,44.51,3360.47
07-08-20,43.44,3351.28
06-08-20,43.64,3349.16
05-08-20,43.85,3327.77
04-08-20,43.47,3306.51
03-08-20,42.25,3294.61
31-07-20,42.08,3271.12
30-07-20,41.87,3246.22
29-07-20,44.03,3258.44
28-07-20,43.55,3218.44
27-07-20,44.07,3239.41
24-07-20,43.43,3215.63
23-07-20,43.7,3235.66
22-07-20,43.61,3276.02
21-07-20,44.65,3257.3
20-07-20,42.5,3251.84
17-07-20,43.52,3224.73
16-07-20,44.28,3215.57
15-07-20,44.63,3226.56
14-07-20,44.07,3197.52
13-07-20,42.66,3155.22
10-07-20,42.65,3185.04
09-07-20,41.36,3152.05
08-07-20,43.14,3169.94
07-07-20,43.24,3145.32
06-07-20,44.39,3179.72
02-07-20,44.08,3130.01
01-07-20,43.71,3115.86
30-06-20,44.72,3100.29
29-06-20,44.32,3053.24
26-06-20,43.62,3009.05
25-06-20,45.17,3083.76
24-06-20,44.5,3050.33
23-06-20,46.7,3131.29
22-06-20,46.42,3117.86
19-06-20,45.98,3097.74
18-06-20,46.92,3115.34
17-06-20,46.63,3113.49
16-06-20,48.2,3124.74
15-06-20,47.14,3066.59
12-06-20,47.17,3041.31
11-06-20,46.18,3002.1
10-06-20,50.65,3190.14
09-06-20,53.52,3207.18
08-06-20,54.74,3232.39
05-06-20,53.08,3193.93
04-06-20,49.1,3112.35
03-06-20,49.24,3122.87
02-06-20,47.31,3080.82
01-06-20,46.28,3055.73
29-05-20,45.47,3044.31
28-05-20,45.04,3029.73
27-05-20,46.24,3036.13
26-05-20,45.91,2991.77
22-05-20,44.6,2955.45
21-05-20,44.56,2948.51
20-05-20,45.37,2971.61
19-05-20,43.94,2922.94
18-05-20,45.34,2953.91
15-05-20,42,2863.7
14-05-20,42.3,2852.5
13-05-20,41.93,2820
12-05-20,44.12,2870.12
11-05-20,45.74,2930.32
08-05-20,46.18,2929.8
07-05-20,44.24,2881.19
06-05-20,43.99,2848.42
05-05-20,44.83,2868.44
04-05-20,44.88,2842.74
01-05-20,43.14,2830.71
30-04-20,46.47,2912.43
29-04-20,47.46,2939.51
28-04-20,44.97,2863.39
27-04-20,43.94,2878.48
24-04-20,43.73,2836.74
23-04-20,43.45,2797.8
22-04-20,42.13,2799.31
21-04-20,40.96,2736.56
20-04-20,41.18,2823.16
17-04-20,43.22,2874.56
16-04-20,39.15,2799.55
15-04-20,40.48,2783.36
14-04-20,42.43,2846.06
13-04-20,42.76,2761.63
09-04-20,43.13,2789.82
08-04-20,43.85,2749.98
07-04-20,41.24,2659.41
06-04-20,40.47,2663.68
03-04-20,39.21,2488.65
02-04-20,40.4,2526.9
01-04-20,37.53,2470.5
31-03-20,37.97,2584.59
30-03-20,37.5,2626.65
27-03-20,36.95,2541.47
26-03-20,38.82,2630.07
25-03-20,37.29,2475.56
24-03-20,35.44,2447.33
23-03-20,31.45,2237.4
20-03-20,32.74,2304.92
19-03-20,34.43,2409.39
18-03-20,33.12,2398.1
17-03-20,36.81,2529.19
16-03-20,34.49,2386.13
13-03-20,38.12,2711.02
12-03-20,37.18,2480.64
11-03-20,41.98,2741.38
10-03-20,43.41,2882.23
09-03-20,41.86,2746.56
06-03-20,47.69,2972.37
05-03-20,50.11,3023.94
04-03-20,52.42,3130.12
03-03-20,51.3,3003.37
02-03-20,53.88,3090.23
28-02-20,51.44,2954.22
27-02-20,49.82,2978.76
26-02-20,53.01,3116.39
25-02-20,54.2,3128.21
24-02-20,56.36,3225.89
21-02-20,59.13,3337.75
20-02-20,59.86,3373.23
19-02-20,60.34,3386.15
18-02-20,59.88,3370.29
14-02-20,60.65,3380.16
13-02-20,60.93,3373.94
12-02-20,61.27,3379.45
11-02-20,60.53,3357.75
10-02-20,59.96,3352.09
07-02-20,61.47,3327.71
06-02-20,61.88,3345.78
05-02-20,62.73,3334.69
04-02-20,59.97,3297.59
03-02-20,60.73,3248.92
31-01-20,62.12,3225.52
30-01-20,64.79,3283.66
29-01-20,64.11,3273.4
28-01-20,64.65,3276.24
27-01-20,64.74,3243.63
24-01-20,66.32,3295.47
23-01-20,66.77,3325.54
22-01-20,67.19,3321.75
21-01-20,67.58,3320.79
17-01-20,68.56,3329.62
16-01-20,68.82,3316.81
15-01-20,69.09,3289.29
14-01-20,69.2,3283.15
13-01-20,69.8,3288.13
10-01-20,69.14,3265.35
09-01-20,69.76,3274.7
08-01-20,69.23,3253.05
07-01-20,70.29,3237.18
06-01-20,70.87,3246.28
03-01-20,70.33,3234.85
02-01-20,70.9,3257.85
31-12-19,69.78,3230.78
30-12-19,69.48,3221.29
27-12-19,69.89,3240.02
26-12-19,70.13,3239.91
24-12-19,70.02,3223.38
23-12-19,70.29,3224.01
20-12-19,69.94,3221.22
19-12-19,69.39,3205.37
18-12-19,69.87,3191.14
17-12-19,69.68,3192.52
16-12-19,70,3191.45
13-12-19,69.23,3168.8
12-12-19,70.34,3168.57
11-12-19,68.96,3141.63
10-12-19,69.06,3132.52
09-12-19,69.66,3135.96
06-12-19,69.51,3145.91
05-12-19,68.41,3117.43
04-12-19,68.65,3112.76
03-12-19,67.88,3093.2
02-12-19,68.42,3113.87
29-11-19,68.13,3140.98
27-11-19,68.7,3153.63
26-11-19,68.74,3140.52
25-11-19,68.91,3133.64
22-11-19,69.37,3110.29
21-11-19,69.67,3103.54
20-11-19,68.03,3108.46
19-11-19,67.82,3120.18
18-11-19,68.52,3122.03
15-11-19,69.19,3120.46
14-11-19,68.5,3096.63
13-11-19,68.8,3094.04
12-11-19,69.37,3091.84
11-11-19,70.34,3087.01
08-11-19,70.77,3093.08
07-11-19,73.01,3085.18
06-11-19,71.49,3076.78
05-11-19,73.09,3074.62
04-11-19,71.67,3078.27
01-11-19,69.6,3066.91
31-10-19,67.57,3037.56
30-10-19,67.72,3046.77
29-10-19,68.44,3036.89
28-10-19,68.64,3039.42
25-10-19,69.25,3022.55
24-10-19,69.09,3010.29
23-10-19,69.75,3004.52
22-10-19,69.09,2995.99
21-10-19,68.74,3006.72
18-10-19,67.61,2986.2
17-10-19,68.14,2997.95
16-10-19,68.23,2989.69
15-10-19,69.42,2995.68
14-10-19,69.18,2966.15
11-10-19,68.98,2970.27
10-10-19,68.25,2938.13
09-10-19,67.44,2919.4
08-10-19,66.7,2893.06
07-10-19,68.02,2938.79
04-10-19,68.97,2952.01
03-10-19,67.98,2910.63
02-10-19,67.15,2887.61
01-10-19,68.95,2940.25
30-09-19,70.61,2976.74
27-09-19,71.48,2961.79
26-09-19,70.97,2977.62
25-09-19,71.35,2984.87
24-09-19,71.14,2966.6
23-09-19,72.13,2991.78
20-09-19,72.08,2992.07
19-09-19,72.33,3006.79
18-09-19,72.82,3006.73
17-09-19,73.17,3005.7
16-09-19,73.73,2997.96
13-09-19,72.64,3007.39
12-09-19,71.98,3009.57
11-09-19,71.93,3000.93
10-09-19,72.07,2979.39
09-09-19,71.49,2978.43
06-09-19,70.93,2978.71
05-09-19,70.27,2976
04-09-19,69.29,2937.78
03-09-19,68.56,2906.27
30-08-19,68.48,2926.46
29-08-19,68.43,2924.58
28-08-19,67.68,2887.94
27-08-19,67.19,2869.16
26-08-19,67.85,2878.38
23-08-19,67.49,2847.11
22-08-19,69.57,2922.95
21-08-19,69.72,2924.43
20-08-19,69.03,2900.51
19-08-19,69.45,2923.65
16-08-19,68.3,2888.68
15-08-19,67.25,2847.6
14-08-19,67.65,2840.6
13-08-19,70.49,2926.32
12-08-19,69.63,2883.75
09-08-19,70.84,2918.65
08-08-19,72.38,2938.09
07-08-19,70.5,2883.98
06-08-19,70.96,2881.77
05-08-19,70.28,2844.74
02-08-19,71.75,2932.05
01-08-19,72.46,2953.56
31-07-19,74.36,2980.38
30-07-19,75.35,3013.18
29-07-19,75.34,3020.97
26-07-19,74.81,3025.86
25-07-19,74.93,3003.67
24-07-19,75.36,3019.56
23-07-19,75.37,3005.47
22-07-19,75.07,2985.03
19-07-19,74.99,2976.61
18-07-19,74.84,2995.11
17-07-19,75.48,2984.42
16-07-19,75.93,3004.04
15-07-19,77.08,3014.3
12-07-19,77.63,3013.77
11-07-19,77.57,2999.91
10-07-19,77.51,2993.07
09-07-19,76.43,2979.63
08-07-19,76.48,2975.95
05-07-19,76.13,2990.41
03-07-19,76.44,2995.82
02-07-19,75.72,2973.01
01-07-19,76.56,2964.33
28-06-19,76.63,2941.76
27-06-19,75.82,2924.92
26-06-19,76.6,2913.78
25-06-19,76.27,2917.38
24-06-19,76.95,2945.35
21-06-19,77.69,2950.46
20-06-19,76.61,2954.18
19-06-19,75.32,2926.46
18-06-19,75.74,2917.75
17-06-19,75.09,2889.67
14-06-19,74.35,2886.98
13-06-19,74.68,2891.64
12-06-19,74.03,2879.84
11-06-19,74.84,2885.72
10-06-19,74.91,2886.73
07-06-19,74.58,2873.34
06-06-19,74.31,2843.49
05-06-19,72.98,2826.15
04-06-19,73.59,2803.27
03-06-19,71.88,2744.45
31-05-19,70.77,2752.06
30-05-19,71.97,2788.86
29-05-19,72.16,2783.02
28-05-19,72.61,2802.39
24-05-19,74.1,2826.06
23-05-19,73.79,2822.24
22-05-19,75.56,2856.27
21-05-19,76.25,2864.36
20-05-19,75.9,2840.23
17-05-19,75.91,2859.53
16-05-19,76.36,2876.32
15-05-19,76.37,2850.96
14-05-19,75.81,2834.41
13-05-19,75.71,2811.87
10-05-19,76.56,2881.4
09-05-19,76.77,2870.72
08-05-19,76.84,2879.42
07-05-19,76.72,2884.05
06-05-19,77.13,2932.47
03-05-19,77.47,2945.64
02-05-19,77.29,2917.52
01-05-19,78.67,2923.73
30-04-19,80.28,2945.83
29-04-19,79.97,2943.03
26-04-19,80.49,2939.88
25-04-19,82.22,2926.17
24-04-19,81.76,2927.25
23-04-19,83.38,2933.68
22-04-19,82.9,2907.97
18-04-19,81.13,2905.03
17-04-19,81.43,2900.45
16-04-19,81.2,2907.06
15-04-19,80.65,2905.58
12-04-19,80.92,2907.41
11-04-19,81.95,2888.32
10-04-19,81.56,2888.21
09-04-19,81.93,2878.2
08-04-19,83,2895.77
05-04-19,82.49,2892.74
04-04-19,82.05,2879.39
03-04-19,80.9,2873.4
02-04-19,81.38,2867.24
01-04-19,81.73,2867.19
29-03-19,80.8,2834.4
28-03-19,80.74,2815.44
27-03-19,80.34,2805.37
26-03-19,80.96,2818.46
25-03-19,79.92,2798.36
22-03-19,80.48,2800.71
21-03-19,81.79,2854.88
20-03-19,81.32,2824.23
19-03-19,80.87,2832.57
18-03-19,81.08,2832.94
15-03-19,80.15,2822.48
14-03-19,80.44,2808.48
13-03-19,80.71,2810.92
12-03-19,80,2791.52
11-03-19,79.78,2783.3
08-03-19,79.01,2743.07
07-03-19,80.16,2748.93
06-03-19,79.28,2771.45
05-03-19,80.19,2789.65
04-03-19,80.31,2792.81
01-03-19,80,2803.69
28-02-19,79.03,2784.49
27-02-19,79.47,2792.38
26-02-19,78.66,2793.9
25-02-19,78.5,2796.11
22-02-19,78.42,2792.67
21-02-19,77.82,2774.88
20-02-19,78.53,2784.7
19-02-19,78.23,2779.76
15-02-19,77.71,2775.6
14-02-19,76.27,2745.73
13-02-19,76.25,2753.03
12-02-19,75.4,2744.73
11-02-19,74.1,2709.8
08-02-19,73.98,2707.88
07-02-19,74.68,2706.05
06-02-19,75.26,2731.61
05-02-19,75.59,2737.7
04-02-19,74.82,2724.87
01-02-19,75.92,2706.53
31-01-19,73.28,2704.1
30-01-19,72.29,2681.05
29-01-19,71.51,2640
28-01-19,71.24,2643.85
25-01-19,71.72,2664.76
24-01-19,71.4,2642.33
23-01-19,71.3,2638.7
22-01-19,71.89,2632.9
18-01-19,72.99,2670.71
17-01-19,72.13,2635.96
16-01-19,71.64,2616.1
15-01-19,71.67,2610.3
14-01-19,71.63,2582.61
11-01-19,71.72,2596.26
10-01-19,72.05,2596.64
09-01-19,72.42,2584.96
08-01-19,72.04,2574.41
07-01-19,71.52,2549.69
04-01-19,71.15,2531.94
03-01-19,68.62,2447.89
02-01-19,69.69,2510.03
31-12-18,68.19,2506.85
28-12-18,68.17,2485.74
27-12-18,68.94,2488.83
26-12-18,68.64,2467.7
24-12-18,65.51,2351.1
21-12-18,68.12,2416.62
20-12-18,68.63,2467.42
19-12-18,70.78,2506.96
18-12-18,72,2546.16
17-12-18,74.04,2545.94
14-12-18,75.58,2599.95
13-12-18,76.98,2650.54
12-12-18,76.02,2651.07
11-12-18,76.68,2636.78
10-12-18,76.54,2637.72
07-12-18,77.64,2633.08
06-12-18,78.39,2695.95
04-12-18,79.43,2700.06
03-12-18,81.22,2790.37
30-11-18,79.5,2760.17
29-11-18,79.06,2737.76
28-11-18,78.45,2743.79
27-11-18,77.05,2682.17
26-11-18,76.98,2673.45
23-11-18,75.49,2632.56
21-11-18,77.56,2649.93
20-11-18,76.97,2641.89
19-11-18,79.22,2690.73
16-11-18,78.96,2736.27
15-11-18,78.19,2730.2
14-11-18,77.39,2701.58
13-11-18,78,2722.18
12-11-18,79.83,2726.22
09-11-18,80.87,2781.01
08-11-18,81.71,2806.83
07-11-18,83.03,2813.89
06-11-18,81.99,2755.45
05-11-18,81.64,2738.31
02-11-18,81.95,2723.06
01-11-18,80.67,2740.37
31-10-18,79.68,2711.74
30-10-18,78.78,2682.63
29-10-18,77.05,2641.25
26-10-18,77.53,2658.69
25-10-18,78.31,2705.57
24-10-18,77.62,2656.1
23-10-18,79.84,2740.69
22-10-18,81.15,2755.88
19-10-18,81.97,2767.78
18-10-18,81.85,2768.78
17-10-18,81.5,2809.21
16-10-18,81.2,2809.92
15-10-18,80.82,2750.79
12-10-18,81.38,2767.13
11-10-18,81.6,2728.37
10-10-18,84.52,2785.68
09-10-18,86.51,2880.34
08-10-18,86.13,2884.43
05-10-18,85.34,2885.57
04-10-18,85.58,2901.61
03-10-18,86.15,2925.51
02-10-18,86.46,2923.43
01-10-18,85.81,2924.59
28-09-18,85.02,2913.98
27-09-18,85.77,2914
26-09-18,85.78,2905.97
25-09-18,86.5,2915.56
24-09-18,86.6,2919.37
21-09-18,85.17,2929.67
20-09-18,84.82,2930.75
19-09-18,84.63,2907.95
18-09-18,83.63,2904.31
17-09-18,83.41,2888.8
14-09-18,82.92,2904.98
13-09-18,82.32,2904.18
12-09-18,83.13,2888.92
11-09-18,82.86,2887.89
10-09-18,81.71,2877.13
07-09-18,81.83,2871.68
06-09-18,80.46,2878.05
05-09-18,81.36,2888.6
04-09-18,80.29,2896.72
31-08-18,80.17,2901.52
30-08-18,80.51,2901.13
29-08-18,80.86,2914.04
28-08-18,80.28,2897.52
27-08-18,80.4,2896.74
24-08-18,79.62,2874.69
23-08-18,79.08,2856.98
22-08-18,79.96,2861.82
21-08-18,78.83,2862.96
20-08-18,78.81,2857.05
17-08-18,78.26,2850.13
16-08-18,78,2840.69
15-08-18,76.94,2818.37
14-08-18,78.31,2839.96
13-08-18,78.56,2821.93
10-08-18,79.42,2833.28
09-08-18,80.32,2853.58
08-08-18,80.73,2857.7
07-08-18,81.27,2858.45
06-08-18,80.18,2850.4
03-08-18,80.2,2840.35
02-08-18,79.91,2827.22
01-08-18,80.39,2813.36
31-07-18,81.51,2816.29
30-07-18,81.74,2802.6
27-07-18,81.92,2818.82
26-07-18,84.24,2837.44
25-07-18,83.59,2846.07
24-07-18,83.01,2820.4
23-07-18,81.4,2806.98
20-07-18,81.4,2801.83
19-07-18,82.01,2804.49
18-07-18,82.22,2815.62
17-07-18,82.31,2809.55
16-07-18,82.49,2798.43
13-07-18,83.31,2801.31
12-07-18,82.69,2798.29
11-07-18,82.59,2774.02
10-07-18,83.66,2793.84
09-07-18,82.9,2784.17
06-07-18,82.33,2759.82
05-07-18,82.31,2736.61
03-07-18,82.24,2713.22
02-07-18,81.76,2726.71
29-06-18,82.73,2718.37
28-06-18,81.97,2716.31
27-06-18,81.71,2699.63
26-06-18,80.64,2723.06
25-06-18,79.74,2717.07
22-06-18,81.38,2754.88
21-06-18,79.69,2749.76
20-06-18,80.45,2767.32
19-06-18,80.7,2762.59
18-06-18,80.82,2773.75
15-06-18,80.66,2779.66
14-06-18,81.89,2782.49
13-06-18,81.51,2775.63
12-06-18,82.42,2786.85
11-06-18,83.1,2782
08-06-18,83.6,2779.03
07-06-18,82.88,2770.37
06-06-18,82.06,2772.35
05-06-18,80.68,2748.8
04-06-18,80.97,2746.87
01-06-18,81.83,2734.62
31-05-18,81.24,2705.27
30-05-18,81.5,2724.01
29-05-18,78.42,2689.86
25-05-18,78.71,2721.33
24-05-18,80.27,2727.76
23-05-18,82.15,2733.29
22-05-18,81.64,2724.44
21-05-18,82.28,2733.01
18-05-18,81.3,2712.97
17-05-18,81.88,2720.13
16-05-18,82.02,2722.46
15-05-18,81.79,2711.45
14-05-18,81.83,2730.13
11-05-18,81.28,2727.72
10-05-18,81.72,2723.07
09-05-18,79.93,2697.79
08-05-18,78.09,2671.92
07-05-18,77.74,2672.63
04-05-18,76.9,2663.42
03-05-18,76.54,2629.73
02-05-18,76.8,2635.67
01-05-18,76.95,2654.8
30-04-18,77.75,2648.05
27-04-18,77.79,2669.91
26-04-18,80.86,2666.94
25-04-18,79.5,2639.4
24-04-18,78.35,2634.56
23-04-18,79.57,2670.29
20-04-18,79,2670.14
19-04-18,79.42,2693.13
18-04-18,79.22,2708.64
17-04-18,78.33,2706.39
16-04-18,78.54,2677.84
13-04-18,77.84,2656.3
12-04-18,77.22,2663.99
11-04-18,77.43,2642.19
10-04-18,77.07,2656.87
09-04-18,74.87,2613.16
06-04-18,74.87,2604.47
05-04-18,76.02,2662.84
04-04-18,74.87,2644.69
03-04-18,75.02,2614.45
02-04-18,73.22,2581.88
29-03-18,74.61,2640.87
28-03-18,72.81,2605
27-03-18,73.7,2612.62
26-03-18,74,2658.55
23-03-18,72.89,2588.26
22-03-18,73.5,2643.69
21-03-18,75.04,2711.93
20-03-18,73.99,2716.94
19-03-18,74.15,2712.92
16-03-18,75.12,2752.01
15-03-18,74.42,2747.33
14-03-18,73.6,2749.48
13-03-18,74.53,2765.31
12-03-18,75.24,2783.02
09-03-18,74.56,2786.57
08-03-18,74.12,2738.97
07-03-18,74.26,2726.8
06-03-18,76.18,2728.12
05-03-18,76.27,2720.94
02-03-18,75.55,2691.25
01-03-18,75.2,2677.67
28-02-18,75.74,2713.83
27-02-18,77.5,2744.28
26-02-18,78.84,2779.6
23-02-18,77.53,2747.3
22-02-18,75.86,2703.96
21-02-18,74.89,2701.33
20-02-18,75.75,2716.26
16-02-18,76.54,2732.22
15-02-18,76.21,2731.2
14-02-18,76.46,2698.63
13-02-18,76.3,2662.94
12-02-18,76.42,2656
09-02-18,75.78,2619.55
08-02-18,76.07,2581
07-02-18,76.94,2681.66
06-02-18,78.35,2695.14
05-02-18,79.72,2648.94
02-02-18,84.53,2762.13
01-02-18,89.07,2821.98
31-01-18,87.3,2823.81
30-01-18,86.78,2822.43
29-01-18,88.01,2853.53
26-01-18,89,2872.87
25-01-18,88.37,2839.25
24-01-18,88.53,2837.54
23-01-18,88.3,2839.13
22-01-18,88.25,2832.97
19-01-18,87.15,2810.3
18-01-18,87.43,2798.03
17-01-18,88,2802.56
16-01-18,86.97,2776.42
12-01-18,87.52,2786.24
11-01-18,86.93,2767.56
10-01-18,86.08,2748.23
09-01-18,86.77,2751.29
08-01-18,87.14,2747.71
05-01-18,86.75,2743.15
04-01-18,86.82,2723.99
03-01-18,86.7,2713.06
02-01-18,85.03,2695.81
29-12-17,83.64,2673.61
28-12-17,84.02,2687.54
27-12-17,83.9,2682.62
26-12-17,83.98,2680.5
22-12-17,83.97,2683.34
21-12-17,83.85,2684.57
20-12-17,82.87,2679.25
19-12-17,82.44,2681.47
18-12-17,82.94,2690.16
15-12-17,83.03,2675.81
14-12-17,82.9,2652.01
13-12-17,83.12,2662.85
12-12-17,82.76,2664.11
11-12-17,83.03,2659.99
08-12-17,82.66,2651.5
07-12-17,82.55,2636.98
06-12-17,82.28,2629.27
05-12-17,82.89,2629.57
04-12-17,83.57,2639.44
01-12-17,83.46,2642.22
30-11-17,83.29,2647.58
29-11-17,82.27,2626.07
28-11-17,81.67,2627.04
27-11-17,81.11,2601.42
24-11-17,81.42,2602.42
22-11-17,81.1,2597.08
21-11-17,80.87,2599.03
20-11-17,80.55,2582.14
17-11-17,80.24,2578.85
16-11-17,80.56,2585.64
15-11-17,81.21,2564.62
14-11-17,82.24,2578.87
13-11-17,82.89,2584.84
10-11-17,82.94,2582.3
09-11-17,83.97,2584.62
08-11-17,83.47,2594.38
07-11-17,83.58,2590.64
06-11-17,83.75,2591.13
03-11-17,83.18,2587.84
02-11-17,83.53,2579.85
01-11-17,83.87,2579.36
31-10-17,83.35,2575.26
30-10-17,83.54,2572.83
27-10-17,83.71,2581.07
26-10-17,83.47,2560.4
25-10-17,83.17,2557.15
24-10-17,83.47,2569.13
23-10-17,83.24,2564.98
20-10-17,83.11,2575.21
19-10-17,82.74,2562.1
18-10-17,82.76,2561.26
17-10-17,82.96,2559.36
16-10-17,82.81,2557.64
13-10-17,82.41,2553.17
12-10-17,82.43,2550.93
11-10-17,82.6,2555.24
10-10-17,82.26,2550.64
09-10-17,82.03,2544.73
06-10-17,81.71,2549.33
05-10-17,82.02,2552.07
04-10-17,81.79,2537.74
03-10-17,81.76,2534.58
02-10-17,81.63,2529.12
29-09-17,81.98,2519.36
28-09-17,82.19,2510.06
27-09-17,81.43,2507.04
26-09-17,80.89,2496.84
25-09-17,80.98,2496.66
22-09-17,79.92,2502.22
21-09-17,79.89,2500.6
20-09-17,80.55,2508.24
19-09-17,80.22,2506.65
18-09-17,80.09,2503.87
15-09-17,80.07,2500.23
14-09-17,80.09,2495.62
13-09-17,79.77,2498.37
12-09-17,79.5,2496.48
11-09-17,79.25,2488.11
08-09-17,78.82,2461.43
07-09-17,79.03,2465.1
06-09-17,78.78,2465.54
05-09-17,77.18,2457.85
01-09-17,76.57,2476.55
31-08-17,76.33,2471.65
30-08-17,76.1,2457.59
29-08-17,76.45,2446.3
28-08-17,76.47,2444.24
25-08-17,76.72,2443.05
24-08-17,76.33,2438.97
23-08-17,76.61,2444.04
22-08-17,76.74,2452.51
21-08-17,76.38,2428.37
18-08-17,76.64,2425.55
17-08-17,76.26,2430.01
16-08-17,77.47,2468.11
15-08-17,78.04,2464.61
14-08-17,78.23,2465.84
11-08-17,78.21,2441.32
10-08-17,78.97,2438.21
09-08-17,80.21,2474.02
08-08-17,79.96,2474.92
07-08-17,80.16,2480.91
04-08-17,80.21,2476.83
03-08-17,80.49,2472.16
02-08-17,80.6,2477.57
01-08-17,80.17,2476.35
31-07-17,80.04,2470.3
28-07-17,79.6,2472.1
27-07-17,80.83,2475.42
26-07-17,80.37,2477.83
25-07-17,80.27,2477.13
24-07-17,79.87,2469.91
21-07-17,80.12,2472.54
20-07-17,80.86,2473.45
19-07-17,80.85,2473.83
18-07-17,80.6,2460.61
17-07-17,80.86,2459.14
14-07-17,81.28,2459.27
13-07-17,80.97,2447.83
12-07-17,80.96,2443.25
11-07-17,80.6,2425.53
10-07-17,80.16,2427.43
07-07-17,80.22,2425.18
06-07-17,80.12,2409.75
05-07-17,80.85,2432.54
03-07-17,82.1,2429.01
30-06-17,80.73,2423.41
29-06-17,80.7,2419.7
28-06-17,81.53,2440.69
27-06-17,81.11,2419.38
26-06-17,81.24,2439.07
23-06-17,81.61,2438.3
22-06-17,81.08,2434.5
21-06-17,81.44,2435.61
20-06-17,82.31,2437.03
19-06-17,82.76,2453.46
16-06-17,83.49,2433.15
15-06-17,82.26,2432.46
14-06-17,82.07,2437.92
13-06-17,82.96,2440.35
12-06-17,82.93,2429.39
09-06-17,82.13,2431.77
08-06-17,80.62,2433.79
07-06-17,80.91,2433.14
06-06-17,81.21,2429.33
05-06-17,80.12,2436.1
02-06-17,79.5,2439.07
01-06-17,80.7,2430.06
31-05-17,80.5,2411.8
30-05-17,81.1,2412.91
26-05-17,81.55,2415.82
25-05-17,81.75,2415.07
24-05-17,82.29,2404.39
23-05-17,82.58,2398.42
22-05-17,82.29,2394.02
19-05-17,81.93,2381.73
18-05-17,81.75,2365.72
17-05-17,81.99,2357.03
16-05-17,82.55,2400.67
15-05-17,82.8,2402.32
12-05-17,82.55,2390.9
11-05-17,82.61,2394.44
10-05-17,81.91,2399.63
09-05-17,82.31,2396.92
08-05-17,82.89,2399.38
05-05-17,82.02,2399.29
04-05-17,81.64,2389.52
03-05-17,82.7,2388.13
02-05-17,82.05,2391.17
01-05-17,82.06,2388.33
28-04-17,81.65,2384.2
27-04-17,81.26,2388.77
26-04-17,81.4,2387.45
25-04-17,81.73,2388.61
24-04-17,81.11,2374.15
21-04-17,80.69,2348.69
20-04-17,81.01,2355.84
19-04-17,80.49,2338.17
18-04-17,81.05,2342.19
17-04-17,81.58,2349.01
13-04-17,81.69,2328.95
12-04-17,82.97,2344.93
11-04-17,82.84,2353.78
10-04-17,83.13,2357.16
07-04-17,82.76,2355.54
06-04-17,83.01,2357.49
05-04-17,82.53,2352.95
04-04-17,82.37,2360.16
03-04-17,82.07,2358.84
31-03-17,82.01,2362.72
30-03-17,83.7,2368.06
29-03-17,82.02,2361.13
28-03-17,81.84,2358.57
27-03-17,81.25,2341.59
24-03-17,81.23,2343.98
23-03-17,81.86,2345.96
22-03-17,81.76,2348.45
21-03-17,81.83,2344.02
20-03-17,82,2373.47
17-03-17,82,2378.25
16-03-17,82.07,2381.38
15-03-17,82,2385.26
14-03-17,80.99,2365.45
13-03-17,81.42,2373.47
10-03-17,81.61,2372.6
09-03-17,81.67,2364.87
08-03-17,81.03,2362.98
07-03-17,82.52,2368.39
06-03-17,82.83,2375.31
03-03-17,82.46,2383.12
02-03-17,83.3,2381.92
01-03-17,83.02,2395.96
28-02-17,81.32,2363.64
27-02-17,81.54,2369.75
24-02-17,81.08,2367.34
23-02-17,81.78,2363.81
22-02-17,80.93,2362.82
21-02-17,81.89,2365.38
17-02-17,81.76,2351.16
16-02-17,82.3,2347.22
15-02-17,83.16,2349.25
14-02-17,82.82,2337.58
13-02-17,83,2328.25
10-02-17,82.52,2316.1
09-02-17,81.84,2307.87
08-02-17,81.48,2294.67
07-02-17,82.77,2293.08
06-02-17,83.31,2292.56
03-02-17,83.54,2297.42
02-02-17,83.45,2280.85
01-02-17,82.94,2279.55
31-01-17,83.89,2278.87
30-01-17,84.86,2280.9
27-01-17,85.51,2294.69
26-01-17,85.6,2296.68
25-01-17,85.34,2298.37
24-01-17,85.09,2280.07
23-01-17,84.97,2265.2
20-01-17,85.89,2271.31
19-01-17,84.73,2263.69
18-01-17,86.28,2271.89
17-01-17,87.36,2267.89
13-01-17,86.35,2274.64
12-01-17,86.34,2270.44
11-01-17,86.81,2275.32
10-01-17,85.93,2268.9
09-01-17,87.04,2268.9
06-01-17,88.5,2276.98
05-01-17,88.55,2269
04-01-17,89.89,2270.75
03-01-17,90.89,2257.83
30-12-16,90.26,2238.83
29-12-16,90.35,2249.26
28-12-16,90.3,2249.92
27-12-16,90.75,2268.88
23-12-16,90.71,2263.79
22-12-16,90.87,2260.96
21-12-16,90.28,2265.18
20-12-16,90.43,2270.76
19-12-16,90.42,2262.53
16-12-16,91.18,2258.07
15-12-16,90.89,2262.03
14-12-16,90.58,2253.28
13-12-16,92.58,2271.72
12-12-16,90.98,2256.96
09-12-16,89,2259.53
08-12-16,88.32,2246.19
07-12-16,88.07,2241.35
06-12-16,87.56,2212.23
05-12-16,87.48,2204.71
02-12-16,87.04,2191.95
01-12-16,87.24,2191.08
30-11-16,87.3,2198.81
29-11-16,85.9,2204.66
28-11-16,86.47,2201.72
25-11-16,87.12,2213.35
23-11-16,86.92,2204.72
22-11-16,86.68,2202.94
21-11-16,86.49,2198.18
18-11-16,85.28,2181.9
17-11-16,85.23,2187.12
16-11-16,85.75,2176.94
15-11-16,86.82,2180.39
14-11-16,85.28,2164.2
11-11-16,85.67,2164.45
10-11-16,87.05,2167.48
09-11-16,86.25,2163.26
08-11-16,85.31,2139.56
07-11-16,85.45,2131.52
04-11-16,83.57,2085.18
03-11-16,83.66,2088.66
02-11-16,83.45,2097.94
01-11-16,83.65,2111.72
31-10-16,83.32,2126.15
28-10-16,84.78,2126.41
27-10-16,86.92,2133.04
26-10-16,87.09,2139.43
25-10-16,86.72,2143.16
24-10-16,86.91,2151.33
21-10-16,86.62,2141.16
20-10-16,87.21,2141.34
19-10-16,87.17,2144.29
18-10-16,86.77,2139.6
17-10-16,86.54,2126.5
14-10-16,86.54,2132.98
13-10-16,86.56,2132.55
12-10-16,87.13,2139.18
11-10-16,87.74,2136.73
10-10-16,88.44,2163.66
07-10-16,86.74,2153.74
06-10-16,87.04,2160.77
05-10-16,87,2159.73
04-10-16,86.25,2150.49
03-10-16,87.05,2161.2
30-09-16,87.28,2168.27
29-09-16,86.46,2151.13
28-09-16,86.9,2171.37
27-09-16,83.24,2159.93
26-09-16,83.06,2146.1
23-09-16,83.45,2164.69
22-09-16,83.54,2177.18
21-09-16,83.3,2163.12
20-09-16,82.54,2139.76
19-09-16,83.83,2139.12
16-09-16,84.03,2139.16
15-09-16,85.08,2147.26
14-09-16,84.6,2125.77
13-09-16,85.21,2127.02
12-09-16,87.29,2159.04
09-09-16,86.84,2127.81
08-09-16,89.05,2181.3
07-09-16,88.24,2186.16
06-09-16,88.57,2186.48
02-09-16,87.42,2179.98
01-09-16,86.84,2170.86
31-08-16,87.14,2170.95
30-08-16,87.52,2176.12
29-08-16,87.84,2180.38
26-08-16,87.27,2169.04
25-08-16,87.46,2172.47
24-08-16,88.02,2175.44
23-08-16,87.72,2186.9
22-08-16,87.99,2182.64
19-08-16,87.8,2183.87
18-08-16,88.91,2187.02
17-08-16,88.11,2182.22
16-08-16,87.92,2178.15
15-08-16,87.81,2190.15
12-08-16,87.85,2184.05
11-08-16,86.72,2185.79
10-08-16,86.41,2175.49
09-08-16,88.7,2181.74
08-08-16,88.59,2180.89
05-08-16,87.56,2182.87
04-08-16,87.48,2164.25
03-08-16,87.49,2163.79
02-08-16,87.04,2157.03
01-08-16,85.86,2170.84
29-07-16,88.95,2173.6
28-07-16,90.2,2170.06
27-07-16,90.91,2166.58
26-07-16,91.53,2169.18
25-07-16,92.2,2168.48
22-07-16,94.01,2175.03
21-07-16,93.85,2165.17
20-07-16,93.93,2173.02
19-07-16,94.47,2163.78
18-07-16,94.82,2166.89
15-07-16,95.12,2161.74
14-07-16,94.95,2163.75
13-07-16,94.88,2152.43
12-07-16,94.95,2152.14
11-07-16,93.89,2137.16
08-07-16,93.54,2129.9
07-07-16,92.96,2097.9
06-07-16,94.09,2099.73
05-07-16,93.02,2088.55
01-07-16,93.84,2102.95
30-06-16,93.74,2098.86
29-06-16,92.46,2070.77
28-06-16,90.91,2036.09
27-06-16,88.86,2000.54
24-06-16,89.39,2037.41
23-06-16,91.8,2113.32
22-06-16,91.17,2085.45
21-06-16,91.53,2088.9
20-06-16,91.12,2083.25
17-06-16,90.72,2071.22
16-06-16,91.22,2077.99
15-06-16,90.16,2071.5
14-06-16,90.43,2075.32
13-06-16,90.59,2079.06
10-06-16,89.98,2096.07
09-06-16,90.67,2115.48
08-06-16,90.79,2119.12
07-06-16,90.71,2112.13
06-06-16,89.34,2109.41
03-06-16,88.37,2099.13
02-06-16,88.53,2105.26
01-06-16,89.24,2099.33
31-05-16,89.02,2096.96
27-05-16,90.01,2099.06
26-05-16,89.8,2090.1
25-05-16,90.26,2090.54
24-05-16,89.67,2076.06
23-05-16,89.6,2048.04
20-05-16,89.74,2052.32
19-05-16,90.11,2040.04
18-05-16,89.35,2047.63
17-05-16,89.53,2047.21
16-05-16,89.57,2066.66
13-05-16,88.66,2046.61
12-05-16,89.67,2064.11
11-05-16,88.81,2064.46
10-05-16,89.99,2084.39
09-05-16,88.57,2058.69
06-05-16,88.51,2057.14
05-05-16,88.04,2050.63
04-05-16,87.94,2051.12
03-05-16,88.11,2063.37
02-05-16,89.13,2081.43
29-04-16,88.4,2065.3
28-04-16,88.03,2075.81
27-04-16,88.46,2095.15
26-04-16,87.63,2091.7
25-04-16,87.33,2087.79
22-04-16,87.53,2091.58
21-04-16,86.79,2091.48
20-04-16,86.8,2102.4
19-04-16,86.21,2100.8
18-04-16,85.78,2094.34
15-04-16,84.97,2080.73
14-04-16,85.43,2082.78
13-04-16,84.83,2082.42
12-04-16,84.35,2061.72
11-04-16,83.32,2041.99
08-04-16,83.21,2047.6
07-04-16,82.37,2041.91
06-04-16,83.31,2066.66
05-04-16,82.21,2045.17
04-04-16,83.16,2066.13
01-04-16,82.96,2072.78
31-03-16,83.59,2059.74
30-03-16,84.52,2063.95
29-03-16,84.53,2055.01
28-03-16,84.22,2037.05
24-03-16,83.98,2035.94
23-03-16,83.75,2036.71
22-03-16,84.12,2049.8
21-03-16,83.62,2051.6
18-03-16,84.2,2049.58
17-03-16,84.1,2040.59
16-03-16,82.87,2027.22
15-03-16,82.82,2015.93
14-03-16,82.41,2019.64
11-03-16,82.19,2022.19
10-03-16,82.18,1989.57
09-03-16,82.4,1989.26
08-03-16,82.63,1979.26
07-03-16,84.46,2001.76
04-03-16,82.29,1999.99
03-03-16,82.4,1993.4
02-03-16,82.7,1986.45
01-03-16,81.28,1978.35
29-02-16,80.15,1932.23
26-02-16,81.75,1948.05
25-02-16,82.01,1951.7
24-02-16,81.52,1929.8
23-02-16,81.23,1921.27
22-02-16,82.39,1945.5
19-02-16,82.5,1917.78
18-02-16,82.45,1917.83
17-02-16,82,1926.82
16-02-16,81.22,1895.58
12-02-16,81.03,1864.78
11-02-16,79.6,1829.08
10-02-16,79.35,1851.86
09-02-16,80.08,1852.21
08-02-16,81.16,1853.44
05-02-16,80.08,1880.05
04-02-16,79.83,1915.45
03-02-16,78.48,1912.53
02-02-16,74.59,1903.03
01-02-16,76.29,1939.38
29-01-16,77.85,1940.24
28-01-16,76.99,1893.36
27-01-16,75.29,1882.95
26-01-16,76.7,1903.63
25-01-16,73.98,1877.08
22-01-16,76.57,1906.9
21-01-16,74.1,1868.99
20-01-16,73.18,1859.33
19-01-16,76.4,1881.33
15-01-16,77.58,1880.33
14-01-16,79.12,1921.84
13-01-16,75.65,1890.28
12-01-16,75.2,1938.68
11-01-16,73.69,1923.67
08-01-16,74.69,1922.03
07-01-16,76.23,1943.09
06-01-16,77.47,1990.26
05-01-16,78.12,2016.71
04-01-16,77.46,2012.66
31-12-15,77.95,2043.94
30-12-15,78.11,2063.36
29-12-15,79.16,2078.36
28-12-15,78.74,2056.5
24-12-15,79.33,2060.99
23-12-15,80.19,2064.29
22-12-15,77.65,2038.97
21-12-15,77.26,2021.15
18-12-15,77.28,2005.55
17-12-15,77.96,2041.89
16-12-15,79.15,2073.07
15-12-15,79.43,2043.41
14-12-15,76.03,2021.94
11-12-15,74.34,2012.37
10-12-15,75.69,2052.23
09-12-15,75.63,2047.62
08-12-15,74.63,2063.59
07-12-15,76.8,2077.07
04-12-15,78.86,2091.69
03-12-15,78.41,2049.62
02-12-15,79.55,2079.51
01-12-15,81.89,2102.63
30-11-15,81.66,2080.41
27-11-15,81.23,2090.11
25-11-15,81.25,2088.87
24-11-15,81.88,2089.14
23-11-15,80.28,2086.59
20-11-15,79.79,2089.17
19-11-15,80.3,2081.24
18-11-15,80.74,2083.58
17-11-15,79.96,2050.44
16-11-15,80.9,2053.19
13-11-15,78.1,2023.04
12-11-15,79.41,2045.97
11-11-15,81.62,2075
10-11-15,82.35,2081.72
09-11-15,81.95,2078.58
06-11-15,84.47,2099.2
05-11-15,84.81,2099.93
04-11-15,85.98,2102.31
03-11-15,86.85,2109.79
02-11-15,85.28,2104.05
30-10-15,82.74,2079.36
29-10-15,82.23,2089.41
28-10-15,82.28,2090.35
27-10-15,81.09,2065.89
26-10-15,81.22,2071.18
23-10-15,82.98,2075.15
22-10-15,82.89,2052.51
21-10-15,80.21,2018.94
20-10-15,80.83,2030.77
19-10-15,80.99,2033.66
16-10-15,82.48,2033.11
15-10-15,81.48,2023.86
14-10-15,80.16,1994.24
13-10-15,79.16,2003.69
12-10-15,79.3,2017.46
09-10-15,79.26,2014.89
08-10-15,80.03,2013.43
07-10-15,79.2,1995.83
06-10-15,77.89,1979.92
05-10-15,76.81,1987.05
02-10-15,75.88,1951.36
01-10-15,74.06,1923.82
30-09-15,74.35,1920.03
29-09-15,72.97,1884.09
28-09-15,72.6,1881.77
25-09-15,73.23,1931.34
24-09-15,72.73,1932.24
23-09-15,72.3,1938.76
22-09-15,72.74,1942.74
21-09-15,73.39,1966.97
18-09-15,72.68,1958.03
17-09-15,74.46,1990.2
16-09-15,74.3,1995.31
15-09-15,72.86,1978.09
14-09-15,72.49,1953.03
11-09-15,72.69,1961.05
10-09-15,72.52,1952.29
09-09-15,72,1942.04
08-09-15,73.5,1969.41
04-09-15,72.46,1921.22
03-09-15,73.79,1951.13
02-09-15,73.23,1948.86
01-09-15,72.08,1913.85
31-08-15,75.24,1972.18
28-08-15,75.07,1988.87
27-08-15,74.85,1987.66
26-08-15,72.5,1940.51
25-08-15,68.71,1867.61
24-08-15,68.72,1893.21
21-08-15,72.13,1970.89
20-08-15,74.57,2035.73
19-08-15,76.23,2079.61
18-08-15,77.9,2096.92
17-08-15,78.77,2102.44
14-08-15,78.36,2091.54
13-08-15,78.65,2083.39
12-08-15,78.79,2086.05
11-08-15,77.49,2084.07
10-08-15,78.75,2104.18
07-08-15,76.83,2077.57
06-08-15,78.09,2083.56
05-08-15,77.17,2099.84
04-08-15,77.17,2093.32
03-08-15,78.06,2098.04
31-07-15,79.21,2103.84
30-07-15,83.01,2108.63
29-07-15,83.14,2108.57
28-07-15,82.48,2093.25
27-07-15,79.26,2067.64
24-07-15,79.94,2079.65
23-07-15,81.14,2102.15
22-07-15,81.79,2114.15
21-07-15,81.66,2119.21
20-07-15,81.76,2128.28
17-07-15,82.61,2126.64
16-07-15,82.91,2124.29
15-07-15,82.76,2107.4
14-07-15,83.11,2108.95
13-07-15,82.42,2099.6
10-07-15,82.22,2076.62
09-07-15,81.6,2051.31
08-07-15,81.97,2046.68
07-07-15,82.87,2081.34
06-07-15,82.53,2068.76
02-07-15,83.14,2076.78
01-07-15,82.37,2077.42
30-06-15,83.2,2063.11
29-06-15,82.82,2057.64
26-06-15,83.86,2101.49
25-06-15,83.93,2102.31
24-06-15,84.68,2108.58
23-06-15,85.07,2124.2
22-06-15,85.17,2122.85
19-06-15,85.21,2109.99
18-06-15,85.48,2121.24
17-06-15,84.73,2100.44
16-06-15,84.68,2096.29
15-06-15,83.72,2084.43
12-06-15,84.02,2094.11
11-06-15,85.09,2108.86
10-06-15,85.21,2105.2
09-06-15,84.58,2080.15
08-06-15,84.85,2079.28
05-06-15,84.28,2092.83
04-06-15,84.22,2095.84
03-06-15,84.95,2114.07
02-06-15,85.14,2109.6
01-06-15,85.13,2111.73
29-05-15,85.2,2107.39
28-05-15,85.11,2120.79
27-05-15,85.11,2123.48
26-05-15,85.35,2104.2
22-05-15,86.52,2126.06
21-05-15,87.21,2130.82
20-05-15,87.13,2125.85
19-05-15,86.99,2127.83
18-05-15,86.85,2129.2
15-05-15,87.35,2122.73
14-05-15,86.97,2121.1
13-05-15,86.56,2098.48
12-05-15,87.02,2099.12
11-05-15,86.78,2105.33
08-05-15,88.99,2116.1
07-05-15,87.6,2088
06-05-15,88.19,2080.15
05-05-15,88.61,2089.46
04-05-15,89.11,2114.49
01-05-15,88.85,2108.29
30-04-15,87.37,2085.51
29-04-15,87.87,2106.85
28-04-15,87.8,2114.76
27-04-15,87.01,2108.92
24-04-15,86.97,2117.69
23-04-15,87.54,2112.93
22-04-15,87.46,2107.96
21-04-15,86.88,2097.29
20-04-15,87.24,2100.4
17-04-15,86.93,2081.18
16-04-15,87.73,2104.99
15-04-15,88.08,2106.63
14-04-15,86.63,2095.84
13-04-15,85.34,2092.43
10-04-15,85.56,2102.06
09-04-15,84.65,2091.18
08-04-15,84.06,2081.9
07-04-15,85.75,2076.33
06-04-15,85.13,2080.62
02-04-15,84.3,2066.96
01-04-15,84.46,2059.69
31-03-15,85,2067.89
30-03-15,85.63,2086.24
27-03-15,83.58,2061.02
26-03-15,84.32,2056.15
25-03-15,84.86,2061.05
24-03-15,84.52,2091.5
23-03-15,85.43,2104.42
20-03-15,84.54,2108.1
19-03-15,84.41,2089.27
18-03-15,86.07,2099.5
17-03-15,84.08,2074.28
16-03-15,84.76,2081.19
13-03-15,83.87,2053.4
12-03-15,84.22,2065.95
11-03-15,84.02,2040.24
10-03-15,84.26,2044.16
09-03-15,85.16,2079.43
06-03-15,85.63,2071.26
05-03-15,86.74,2101.04
04-03-15,87.18,2098.53
03-03-15,87.62,2107.78
02-03-15,88.04,2117.39
27-02-15,88.54,2104.5
26-02-15,88.65,2110.74
25-02-15,89.6,2113.86
24-02-15,89.42,2115.48
23-02-15,89.01,2109.66
20-02-15,89.92,2110.3
19-02-15,89.44,2097.45
18-02-15,91.01,2099.68
17-02-15,93.05,2100.34
13-02-15,93.37,2096.99
12-02-15,92.37,2088.48
11-02-15,90.6,2068.53
10-02-15,91.01,2068.59
09-02-15,91.56,2046.74
06-02-15,91.5,2055.47
05-02-15,92.36,2062.52
04-02-15,91.46,2041.51
03-02-15,92.25,2050.03
02-02-15,89.58,2020.85
30-01-15,87.42,1994.99
29-01-15,87.58,2021.25
28-01-15,87.95,2002.16
27-01-15,90.95,2029.55
26-01-15,91.76,2057.09
23-01-15,90.89,2051.82
22-01-15,92.87,2063.15
21-01-15,91.87,2032.12
20-01-15,91.09,2022.55
16-01-15,91.12,2019.42
15-01-15,88.96,1992.67
14-01-15,89.74,2011.27
13-01-15,90,2023.03
12-01-15,90.33,2028.26
09-01-15,92.1,2044.81
08-01-15,92.23,2062.14
07-01-15,90.72,2025.9
06-01-15,89.81,2002.61
05-01-15,90.29,2020.58
02-01-15,92.83,2058.2
31-12-14,92.45,2058.9
30-12-14,93.02,2080.35
29-12-14,93.07,2090.57
26-12-14,93.21,2088.77
24-12-14,93.78,2081.88
23-12-14,94.59,2082.17
22-12-14,93.33,2078.54
19-12-14,93.64,2070.65
18-12-14,91.16,2061.23
17-12-14,89.02,2012.89
16-12-14,86.41,1972.74
15-12-14,86.9,1989.63
12-12-14,86.6,2002.33
11-12-14,89.2,2035.33
10-12-14,88.67,2026.14
09-12-14,91.38,2059.82
08-12-14,91.7,2060.31
05-12-14,93.82,2075.37
04-12-14,94.37,2071.92
03-12-14,94.95,2074.33
02-12-14,94.19,2066.55
01-12-14,92.35,2053.44
28-11-14,90.54,2067.56
26-11-14,94.48,2072.83
25-11-14,94.78,2067.03
24-11-14,95.72,2069.41
21-11-14,96.81,2063.5
20-11-14,95.82,2052.75
19-11-14,95.61,2048.72
18-11-14,94.87,2051.8
17-11-14,95.11,2041.32
14-11-14,95.09,2039.82
13-11-14,94.66,2039.33
12-11-14,95.38,2038.25
11-11-14,96.41,2039.68
10-11-14,96.28,2038.26
07-11-14,96.59,2031.92
06-11-14,96.26,2031.21
05-11-14,95.07,2023.57
04-11-14,94.52,2012.1
03-11-14,95.26,2017.81
31-10-14,96.71,2018.05
30-10-14,94.45,1994.65
29-10-14,94.59,1982.3
28-10-14,95.1,1985.05
27-10-14,93.71,1961.63
24-10-14,94.49,1964.58
23-10-14,94.11,1950.82
22-10-14,93.13,1927.11
21-10-14,93.65,1941.28
20-10-14,91.77,1904.01
17-10-14,91.21,1886.76
16-10-14,90.6,1862.76
15-10-14,90.22,1862.49
14-10-14,90.55,1877.7
13-10-14,90.84,1874.74
10-10-14,91.6,1906.13
09-10-14,91.82,1928.21
08-10-14,94.61,1968.89
07-10-14,93.37,1935.1
06-10-14,94.52,1964.82
03-10-14,93.92,1967.9
02-10-14,93.3,1946.17
01-10-14,92.86,1946.16
30-09-14,94.05,1972.29
29-09-14,94.43,1977.8
26-09-14,95.43,1982.85
25-09-14,94.25,1965.99
24-09-14,95.82,1998.3
23-09-14,96.03,1982.77
22-09-14,96.54,1994.29
19-09-14,97.12,2010.4
18-09-14,96.61,2011.36
17-09-14,97.08,2001.57
16-09-14,97.43,1998.98
15-09-14,96.29,1984.13
12-09-14,95.78,1985.54
11-09-14,97.03,1997.45
10-09-14,96.81,1995.69
09-09-14,97.39,1988.44
08-09-14,97.77,2001.54
05-09-14,99.26,2007.71
04-09-14,98.36,1997.65
03-09-14,99.11,2000.72
02-09-14,98.49,2002.28
29-08-14,99.46,2003.37
28-08-14,99.57,1996.74
27-08-14,99.53,2000.12
26-08-14,99.64,2000.02
25-08-14,98.75,1997.92
22-08-14,98.5,1988.4
21-08-14,99.28,1992.37
20-08-14,99.7,1986.51
19-08-14,99.49,1981.6
18-08-14,99.52,1971.74
15-08-14,99.03,1955.06
14-08-14,99.09,1955.18
13-08-14,99.09,1946.72
12-08-14,98.49,1933.75
11-08-14,98.73,1936.92
08-08-14,99.74,1931.59
07-08-14,98.27,1909.57
06-08-14,98.98,1920.24
05-08-14,98.2,1920.21
04-08-14,100.13,1938.99
01-08-14,98.8,1925.15
31-07-14,98.94,1930.67
30-07-14,103.25,1970.07
29-07-14,103.55,1969.95
28-07-14,104.37,1978.91
25-07-14,103.18,1978.34
24-07-14,104.28,1987.98
23-07-14,104.25,1987.01
22-07-14,103.54,1983.53
21-07-14,103.08,1973.63
18-07-14,102.73,1978.22
17-07-14,102.31,1958.12
16-07-14,103.77,1981.57
15-07-14,102.39,1973.28
14-07-14,102.68,1977.1
11-07-14,101.74,1967.57
10-07-14,102.57,1964.68
09-07-14,103.55,1972.83
08-07-14,102.83,1963.71
07-07-14,102.65,1977.65
03-07-14,102.59,1985.44
02-07-14,101.57,1974.62
01-07-14,101.36,1973.32
30-06-14,100.68,1960.23
27-06-14,101.21,1960.96
26-06-14,102.03,1957.22
25-06-14,102.14,1959.53
24-06-14,102.73,1949.98
23-06-14,104.38,1962.61
20-06-14,103.83,1962.87
19-06-14,102.63,1959.48
18-06-14,102.73,1956.98
17-06-14,102.42,1941.99
16-06-14,102.92,1937.78
13-06-14,102.65,1936.16
12-06-14,101.66,1930.11
11-06-14,101.95,1943.89
10-06-14,101.46,1950.79
09-06-14,101.52,1951.27
06-06-14,101.6,1949.44
05-06-14,100.55,1940.46
04-06-14,100.04,1927.88
03-06-14,100.39,1924.24
02-06-14,99.94,1924.97
30-05-14,100.53,1923.57
29-05-14,101.27,1920.03
28-05-14,101.06,1909.78
27-05-14,101.36,1911.91
23-05-14,101.32,1900.53
22-05-14,101.5,1892.49
21-05-14,102.03,1888.03
20-05-14,100.67,1872.83
19-05-14,100.87,1885.08
16-05-14,100.74,1877.86
15-05-14,100.78,1870.85
14-05-14,102.29,1888.53
13-05-14,102.36,1897.45
12-05-14,102.23,1896.65
09-05-14,101.95,1878.48
08-05-14,102.32,1875.63
07-05-14,103.11,1878.21
06-05-14,102.67,1867.72
05-05-14,102.91,1884.66
02-05-14,102.01,1881.14
01-05-14,101.41,1883.68
30-04-14,102.41,1883.95
29-04-14,101.45,1878.33
28-04-14,101.17,1869.43
25-04-14,100.41,1863.4
24-04-14,100.01,1878.61
23-04-14,100.5,1875.39
22-04-14,100.37,1879.55
21-04-14,100.93,1871.89
17-04-14,100.42,1864.85
16-04-14,99.94,1862.31
15-04-14,98.68,1842.98
14-04-14,97.86,1830.61
11-04-14,96.72,1815.69
10-04-14,96.78,1833.08
09-04-14,97.33,1872.18
08-04-14,97.45,1851.96
07-04-14,96.78,1845.04
04-04-14,97.36,1865.09
03-04-14,97.93,1888.77
02-04-14,97.95,1890.9
01-04-14,97.73,1885.52
31-03-14,97.68,1872.34
28-03-14,97.7,1857.62
27-03-14,96.24,1849.04
26-03-14,94.7,1852.56
25-03-14,94.91,1865.62
24-03-14,94.64,1857.44
21-03-14,94.31,1866.52
20-03-14,94.58,1872.01
19-03-14,93.73,1860.77
18-03-14,94.71,1872.25
17-03-14,94.32,1858.83
14-03-14,93.47,1841.13
13-03-14,93.64,1846.34
12-03-14,94.21,1868.2
11-03-14,94.01,1867.63
10-03-14,95.5,1877.17
07-03-14,94.99,1878.04
06-03-14,93.76,1877.03
05-03-14,93.8,1873.81
04-03-14,96.52,1873.91
03-03-14,95.5,1845.73
28-02-14,96.27,1859.45
27-02-14,95.84,1854.29
26-02-14,95.79,1845.16
25-02-14,96.31,1845.12
24-02-14,96.44,1847.61
21-02-14,95.03,1836.25
20-02-14,95.37,1839.78
19-02-14,93.95,1828.75
18-02-14,94.07,1840.76
14-02-14,94.11,1838.63
13-02-14,91.43,1829.83
12-02-14,91.08,1819.26
11-02-14,90.84,1819.75
10-02-14,89.52,1799.84
07-02-14,90.58,1797.02
06-02-14,89.8,1773.43
05-02-14,89.58,1751.64
04-02-14,90.02,1755.2
03-02-14,90.05,1741.89
31-01-14,92.16,1782.59
30-01-14,93.99,1794.19
29-01-14,95.11,1774.2
28-01-14,95.65,1792.5
27-01-14,94.92,1781.56
24-01-14,94.85,1790.29
23-01-14,96.97,1828.46
22-01-14,97.88,1844.86
21-01-14,98.5,1843.8
17-01-14,99.16,1838.7
16-01-14,98.94,1845.89
15-01-14,98.78,1848.38
14-01-14,99.12,1838.88
13-01-14,98.55,1819.2
10-01-14,100.52,1842.37
09-01-14,99.76,1838.13
08-01-14,100.74,1837.49
07-01-14,101.07,1837.88
06-01-14,99.66,1826.77
03-01-14,99.51,1831.37
02-01-14,99.75,1831.98
31-12-13,101.2,1848.36
30-12-13,100.31,1841.07
27-12-13,101.51,1841.4
26-12-13,100.9,1842.02
24-12-13,99.22,1833.32
23-12-13,98.51,1827.99
20-12-13,98.68,1818.32
19-12-13,99.43,1809.6
18-12-13,99.54,1810.65
17-12-13,96.75,1781
16-12-13,97.22,1786.54
13-12-13,95.31,1775.32
12-12-13,95.36,1775.5
11-12-13,94.26,1782.22
10-12-13,95.71,1802.62
09-12-13,95.84,1808.37
06-12-13,95.65,1805.09
05-12-13,94.13,1785.03
04-12-13,94.67,1792.81
03-12-13,94.39,1795.15
02-12-13,93.52,1800.9
29-11-13,93.48,1805.81
27-11-13,93.8,1807.23
26-11-13,94.27,1802.75
25-11-13,95.09,1802.48
22-11-13,95.01,1804.76
21-11-13,94.69,1795.85
20-11-13,94.68,1781.37
19-11-13,95.42,1787.87
18-11-13,95.45,1791.53
15-11-13,95.27,1798.18
14-11-13,93.22,1790.62
13-11-13,92.59,1782
12-11-13,92.67,1767.69
11-11-13,92.96,1771.89
08-11-13,92.73,1770.61
07-11-13,91.96,1747.15
06-11-13,93.22,1770.49
05-11-13,91.99,1762.97
04-11-13,92.1,1767.93
01-11-13,89.82,1761.64
31-10-13,89.62,1756.54
30-10-13,88.81,1763.31
29-10-13,88.93,1771.95
28-10-13,88.23,1762.11
25-10-13,87.97,1759.77
24-10-13,88.42,1752.07
23-10-13,87.61,1746.38
22-10-13,87.98,1754.67
21-10-13,87.23,1744.66
18-10-13,87.55,1744.5
17-10-13,87.48,1733.15
16-10-13,87.31,1721.54
15-10-13,86.79,1698.06
14-10-13,87.6,1710.14
11-10-13,86.95,1703.2
10-10-13,86.04,1692.56
09-10-13,85.16,1656.4
08-10-13,85.51,1655.45
07-10-13,85.9,1676.12
04-10-13,86.32,1690.5
03-10-13,85.5,1678.66
02-10-13,86.08,1693.87
01-10-13,86,1695
30-09-13,86.04,1681.55
27-09-13,86.9,1691.75
26-09-13,87.07,1698.67
25-09-13,87.14,1692.77
24-09-13,87.36,1697.42
23-09-13,87.75,1701.84
20-09-13,88.66,1709.91
19-09-13,89.28,1722.34
18-09-13,89.58,1725.52
17-09-13,88.94,1704.76
16-09-13,88.67,1697.6
13-09-13,88.4,1687.99
12-09-13,87.98,1683.42
11-09-13,88.84,1689.13
10-09-13,87.82,1683.99
09-09-13,88.04,1671.71
06-09-13,87.25,1655.17
05-09-13,87.35,1655.08
04-09-13,87.76,1653.08
03-09-13,87.15,1639.77
30-08-13,87.16,1632.97
29-08-13,87.27,1638.17
28-08-13,88.84,1634.96
27-08-13,86.82,1630.48
26-08-13,87.09,1656.78
23-08-13,87.52,1663.5
22-08-13,86.98,1656.96
21-08-13,86.42,1642.8
20-08-13,86.83,1652.35
19-08-13,86.92,1646.06
16-08-13,87.91,1655.83
15-08-13,88.16,1661.32
14-08-13,88.95,1685.39
13-08-13,89.4,1694.16
12-08-13,89.89,1689.47
09-08-13,90.72,1691.42
08-08-13,91.78,1697.48
07-08-13,91.34,1690.91
06-08-13,91.47,1697.37
05-08-13,91.59,1707.14
02-08-13,91.95,1709.67
01-08-13,92.73,1706.87
31-07-13,93.75,1685.73
30-07-13,93.81,1685.96
29-07-13,94.03,1685.33
26-07-13,94.79,1691.65
25-07-13,94.97,1690.25
24-07-13,94.99,1685.94
23-07-13,95.2,1692.39
22-07-13,94.83,1695.53
19-07-13,95.17,1692.09
18-07-13,94.38,1689.37
17-07-13,93.46,1680.91
16-07-13,93.3,1676.26
15-07-13,93.25,1682.5
12-07-13,93.4,1680.19
11-07-13,93.27,1675.02
10-07-13,92.82,1652.62
09-07-13,93.34,1652.32
08-07-13,92.25,1640.46
05-07-13,91.57,1631.89
03-07-13,90.69,1615.41
02-07-13,90.64,1614.08
01-07-13,90.3,1614.96
28-06-13,90.35,1606.28
27-06-13,90.04,1613.2
26-06-13,89.8,1603.26
25-06-13,89.11,1588.03
24-06-13,88.48,1573.09
21-06-13,89.48,1592.43
20-06-13,89.05,1588.19
19-06-13,91,1628.93
18-06-13,91.93,1651.81
17-06-13,91.51,1639.04
14-06-13,90.58,1626.73
13-06-13,91.33,1636.36
12-06-13,89.74,1612.52
11-06-13,90.46,1626.13
10-06-13,91.12,1642.81
07-06-13,91.45,1643.38
06-06-13,90.23,1622.56
05-06-13,89.65,1608.9
04-06-13,90.79,1631.38
03-06-13,91.46,1640.42
31-05-13,90.47,1630.74
30-05-13,92.09,1654.41
29-05-13,92.08,1648.36
28-05-13,92.38,1660.06
24-05-13,91.53,1649.6
23-05-13,91.79,1650.51
22-05-13,92.19,1655.35
21-05-13,92.8,1669.16
20-05-13,92.52,1666.29
17-05-13,91.76,1667.47
16-05-13,90.7,1650.47
15-05-13,91.24,1658.78
14-05-13,91.11,1650.34
13-05-13,90.1,1633.77
10-05-13,90.14,1633.7
09-05-13,91.03,1626.67
08-05-13,91.7,1632.69
07-05-13,91.15,1625.96
06-05-13,90.58,1617.5
03-05-13,90.02,1614.42
02-05-13,88.63,1597.59
01-05-13,87.51,1582.7
30-04-13,88.99,1597.57
29-04-13,88.21,1593.61
26-04-13,88,1582.24
25-04-13,88.07,1585.16
24-04-13,89.43,1578.79
23-04-13,89.3,1578.78
22-04-13,88.09,1562.5
19-04-13,87.45,1555.25
18-04-13,86.62,1541.61
17-04-13,86.08,1552.01
16-04-13,86.61,1574.57
15-04-13,86.49,1552.36
12-04-13,88.99,1588.85
11-04-13,89.22,1593.37
10-04-13,88.68,1587.73
09-04-13,88.77,1568.61
08-04-13,88.6,1563.07
05-04-13,89.01,1553.28
04-04-13,89.77,1559.98
03-04-13,89.93,1553.69
02-04-13,90.58,1570.25
01-04-13,90.77,1562.17
28-03-13,90.11,1569.19
27-03-13,90.58,1562.85
26-03-13,90.13,1563.77
25-03-13,89.02,1551.69
22-03-13,89.29,1556.89
21-03-13,88.17,1545.8
20-03-13,88.63,1558.71
19-03-13,88.58,1548.34
18-03-13,88.77,1552.1
15-03-13,89.37,1560.7
14-03-13,89.83,1563.23
13-03-13,89.26,1554.52
12-03-13,89.16,1552.48
11-03-13,89.16,1556.22
08-03-13,88.97,1551.18
07-03-13,88.71,1544.26
06-03-13,89.56,1541.46
05-03-13,89.61,1539.79
04-03-13,88.95,1525.2
01-03-13,89.43,1518.2
28-02-13,89.55,1514.68
27-02-13,89.53,1515.99
26-02-13,88.51,1496.94
25-02-13,87.7,1487.85
22-02-13,89.2,1515.6
21-02-13,88.59,1502.42
20-02-13,88.97,1511.95
19-02-13,89.32,1530.94
15-02-13,88.36,1519.79
14-02-13,88.52,1521.38
13-02-13,88.67,1520.33
12-02-13,88.46,1519.43
11-02-13,88.28,1517.01
08-02-13,88.61,1517.93
07-02-13,88.25,1509.39
06-02-13,89.79,1512.12
05-02-13,89.74,1511.29
04-02-13,89.15,1495.71
01-02-13,90.04,1513.17
31-01-13,89.97,1498.11
30-01-13,90.67,1501.96
29-01-13,91.76,1507.84
28-01-13,91.11,1500.18
25-01-13,91.73,1502.96
24-01-13,91.35,1494.82
23-01-13,90.7,1494.81
22-01-13,90.92,1492.56
18-01-13,90.8,1485.98
17-01-13,90.2,1480.94
16-01-13,89.47,1472.63
15-01-13,89.53,1472.34
14-01-13,89.58,1470.68
11-01-13,89.61,1472.05
10-01-13,89.1,1472.12
09-01-13,88.14,1461.02
08-01-13,88.48,1457.15
07-01-13,87.93,1461.89
04-01-13,88.96,1466.47
03-01-13,88.55,1459.37
02-01-13,88.71,1462.42
31-12-12,86.55,1426.19
28-12-12,85.1,1402.43
27-12-12,86.86,1418.1
26-12-12,87.07,1419.83
24-12-12,86.92,1426.66
21-12-12,87.23,1430.15
20-12-12,88.89,1443.69
19-12-12,88.4364,1435.81
18-12-12,89.56,1446.79
17-12-12,88.87,1430.36
14-12-12,88.08,1413.58
13-12-12,88.58,1419.45
12-12-12,89.45,1428.48
11-12-12,88.99,1427.84
10-12-12,88.41,1418.55
07-12-12,88.6,1418.07
06-12-12,88,1413.94
05-12-12,87.73,1409.28
04-12-12,87.19,1407.05
03-12-12,87.61,1409.46
30-11-12,88.14,1416.18
29-11-12,88.12,1415.95
28-11-12,88.1,1409.93
27-11-12,87.35,1398.94
26-11-12,88.62,1406.29
23-11-12,89.09,1409.15
21-11-12,88.01,1391.03
20-11-12,87.5,1387.81
19-11-12,87.67,1386.89
16-11-12,86.45,1359.88
15-11-12,86.14,1353.33
14-11-12,86.07,1355.49
13-11-12,86.47,1374.53
12-11-12,87.32,1380.03
09-11-12,87.21,1379.85
08-11-12,87.0695,1377.51
07-11-12,88.18,1394.53
06-11-12,91.61,1428.39
05-11-12,90.63,1417.26
02-11-12,90.27,1414.2
01-11-12,91.6,1427.59
31-10-12,91.17,1412.16
26-10-12,90.62,1411.94
25-10-12,90.43,1412.97
24-10-12,89.88,1408.75
23-10-12,90.18,1413.11
22-10-12,92.19,1433.82
19-10-12,92.15,1433.19
18-10-12,93.48,1457.34
17-10-12,93.39,1460.91
16-10-12,92.38,1454.92
15-10-12,91.51,1440.13
12-10-12,91.03,1428.59
11-10-12,91.17,1432.84
10-10-12,91.03,1432.56
09-10-12,92.13,1441.48
08-10-12,92.68,1455.88
05-10-12,92.55,1460.93
04-10-12,92.22,1461.4
03-10-12,91.7,1450.99
02-10-12,91.72,1445.75
01-10-12,91.8,1444.49
28-09-12,91.45,1440.67
27-09-12,91.8,1447.15
26-09-12,91.23,1433.32
25-09-12,91.74,1441.59
24-09-12,91.88,1456.89
21-09-12,91.92,1460.15
20-09-12,91.52,1460.26
19-09-12,90.57,1461.05
18-09-12,91.65,1459.32
17-09-12,91.91,1461.19
14-09-12,92.3,1465.77
13-09-12,91.23,1459.99
12-09-12,89.55,1436.56
11-09-12,89.62,1433.56
10-09-12,89.48,1429.08
07-09-12,89.92,1437.92
06-09-12,88.99,1432.12
05-09-12,87.33,1403.44
04-09-12,87.12,1404.94
31-08-12,87.3,1406.58
30-08-12,87.2,1399.48
29-08-12,87.9,1410.49
28-08-12,88.1,1409.3
27-08-12,87.74,1410.44
24-08-12,88.05,1411.13
23-08-12,87.31,1402.08
22-08-12,87.73,1413.49
21-08-12,87.46,1413.17
20-08-12,87.95,1418.13
17-08-12,88.4,1418.16
16-08-12,88.67,1415.51
15-08-12,88,1405.53
14-08-12,88.2,1403.93
13-08-12,88.14,1404.11
10-08-12,88.44,1405.87
09-08-12,88.2,1402.8
08-08-12,88.28,1402.22
07-08-12,87.92,1401.35
06-08-12,87.45,1394.23
03-08-12,87.55,1390.99
02-08-12,85.88,1365
01-08-12,86.91,1375.14
31-07-12,86.85,1379.32
30-07-12,87.56,1385.3
27-07-12,87.45,1385.97
26-07-12,86.52,1360.02
25-07-12,85.24,1337.89
24-07-12,84.58,1338.31
23-07-12,85.21,1350.52
20-07-12,85.95,1362.66
19-07-12,86.21,1376.51
18-07-12,86.21,1372.78
17-07-12,85.73,1363.67
16-07-12,85.05,1353.64
13-07-12,85.47,1356.78
12-07-12,84.12,1334.76
11-07-12,84.38,1341.45
10-07-12,83.11,1341.47
09-07-12,83.65,1352.46
06-07-12,84.8,1354.68
05-07-12,85.57,1367.58
03-07-12,86.28,1374.02
02-07-12,85.34,1365.51
29-06-12,85.57,1362.16
28-06-12,83.1,1329.04
27-06-12,83.2,1331.85
26-06-12,82.4,1319.99
25-06-12,81.24,1313.72
22-06-12,82.11,1335.02
21-06-12,82.11,1325.51
20-06-12,84.97,1355.69
19-06-12,84.48,1357.98
18-06-12,83.11,1344.78
15-06-12,83.22,1342.84
14-06-12,82.13,1329.1
13-06-12,80.63,1314.88
12-06-12,81.26,1324.18
11-06-12,80.27,1308.93
08-06-12,80.84,1325.66
07-06-12,80.69,1314.99
06-06-12,80.18,1315.13
05-06-12,77.6,1285.5
04-06-12,77.83,1278.18
01-06-12,77.92,1278.04
31-05-12,78.63,1310.33
30-05-12,79.79,1313.32
29-05-12,81.93,1332.42
25-05-12,82.08,1317.82
24-05-12,82.61,1320.68
23-05-12,82.04,1318.86
22-05-12,81.95,1316.63
21-05-12,82.04,1315.99
18-05-12,81.47,1295.22
17-05-12,81.91,1304.86
16-05-12,82.17,1324.8
15-05-12,81.79,1330.66
14-05-12,82.12,1338.35
11-05-12,83.1,1353.39
10-05-12,82.84,1357.99
09-05-12,83.31,1354.58
08-05-12,84.02,1363.72
07-05-12,84.48,1369.58
04-05-12,84.57,1369.1
03-05-12,85.65,1391.57
02-05-12,86.2,1402.31
01-05-12,87.04,1405.82
30-04-12,86.34,1397.91
27-04-12,86.08,1403.36
26-04-12,86.07,1399.98
25-04-12,86.85,1390.69
24-04-12,86.31,1371.97
23-04-12,85.69,1366.94
20-04-12,85.3,1378.53
19-04-12,85.28,1376.92
18-04-12,85.75,1385.14
17-04-12,85.45,1390.78
16-04-12,84.01,1369.57
13-04-12,82.95,1370.26
12-04-12,83.6,1387.57
11-04-12,82.7,1368.71
10-04-12,82.17,1358.59
09-04-12,83.88,1382.2
05-04-12,84.82,1398.08
04-04-12,84.98,1398.96
03-04-12,85.83,1413.38
02-04-12,87.07,1419.04
30-03-12,86.73,1408.47
29-03-12,86.08,1403.28
28-03-12,85.86,1405.54
27-03-12,86.62,1412.52
26-03-12,87.03,1416.51
23-03-12,85.55,1397.11
22-03-12,85.33,1392.78
21-03-12,86.01,1402.89
20-03-12,86.6,1405.52
19-03-12,86.99,1409.75
16-03-12,86.44,1404.17
15-03-12,86.09,1402.6
14-03-12,86.02,1394.28
13-03-12,86.86,1395.95
12-03-12,85.55,1371.09
09-03-12,84.3,1370.87
08-03-12,84.83,1365.91
07-03-12,85.83,1352.63
06-03-12,85.86,1343.36
05-03-12,87.01,1364.33
02-03-12,86.33,1369.63
01-03-12,86.83,1374.09
29-02-12,86.5,1365.68
28-02-12,87.14,1372.18
27-02-12,87.23,1367.59
24-02-12,87.34,1365.74
23-02-12,87.02,1363.46
22-02-12,86.92,1357.66
21-02-12,86.57,1362.21
17-02-12,85.62,1361.23
16-02-12,85.41,1358.04
15-02-12,84.12,1343.23
14-02-12,84.67,1350.5
13-02-12,84.42,1351.77
10-02-12,83.8,1342.64
09-02-12,84.88,1351.95
08-02-12,85.32,1349.96
07-02-12,86.34,1347.05
06-02-12,85.75,1344.33
03-02-12,84.92,1344.9
02-02-12,83.53,1325.54
01-02-12,83.97,1324.09
31-01-12,83.74,1312.41
30-01-12,85.49,1313.01
27-01-12,85.83,1316.33
26-01-12,86.77,1318.43
25-01-12,87.22,1326.05
24-01-12,87.18,1314.65
23-01-12,87.47,1316
20-01-12,87.49,1315.38
19-01-12,87.03,1314.5
18-01-12,86.45,1308.04
17-01-12,85.69,1293.67
13-01-12,84.88,1289.09
12-01-12,84.74,1295.5
11-01-12,85.08,1292.48
10-01-12,85.72,1292.08
09-01-12,85.5,1280.7
06-01-12,85.12,1277.81
05-01-12,85.76,1281.06
04-01-12,86.02,1277.3
03-01-12,86,1277.06
30-12-11,84.76,1257.6
29-12-11,85.27,1263.02
28-12-11,84.18,1249.64
27-12-11,85.28,1265.43
23-12-11,85.22,1265.33
22-12-11,84.29,1254
21-12-11,83.12,1243.72
20-12-11,82,1241.3
19-12-11,79.53,1205.35
16-12-11,80.16,1219.66
15-12-11,80.03,1215.75
14-12-11,79.44,1211.82
13-12-11,80.53,1225.73
12-12-11,80.05,1236.47
09-12-11,81.34,1255.19
08-12-11,79.87,1234.35
07-12-11,81.08,1261.01
06-12-11,80.82,1258.47
05-12-11,80.45,1257.08
02-12-11,79.79,1244.28
01-12-11,79.79,1244.58
30-11-11,80.44,1246.96
29-11-11,76.93,1195.19
28-11-11,75.84,1192.55
25-11-11,73.9,1158.67
23-11-11,74.58,1161.79
22-11-11,76.03,1188.04
21-11-11,76.91,1192.98
18-11-11,77.9,1215.65
17-11-11,77.86,1216.13
16-11-11,78.25,1236.91
15-11-11,79.09,1257.81
14-11-11,78.96,1251.78
11-11-11,79.72,1263.85
10-11-11,78.7,1239.69
09-11-11,77.39,1229.1
08-11-11,79.76,1275.92
07-11-11,79.35,1261.12
04-11-11,78.52,1253.23
03-11-11,78.86,1261.15
02-11-11,77.37,1237.9
01-11-11,75.94,1218.28
31-10-11,78.09,1253.3
28-10-11,81.48,1285.09
27-10-11,81.88,1284.59
26-10-11,81.07,1242
25-10-11,79.44,1229.05
24-10-11,80.17,1254.19
21-10-11,80.13,1238.25
20-10-11,78.71,1215.39
19-10-11,78.43,1209.88
18-10-11,78.89,1225.38
17-10-11,77.47,1200.86
14-10-11,78.11,1224.58
13-10-11,76.37,1203.66
12-10-11,77.16,1207.25
11-10-11,76.27,1195.54
10-10-11,76.28,1194.89
07-10-11,73.56,1155.46
06-10-11,73.89,1164.97
05-10-11,73.95,1144.03
04-10-11,72.83,1123.95
03-10-11,71.15,1099.23
30-09-11,72.63,1131.42
29-09-11,73.88,1160.4
28-09-11,72.07,1151.06
27-09-11,72.91,1175.38
26-09-11,71.72,1162.95
23-09-11,69.31,1136.43
22-09-11,69.24,1129.56
21-09-11,71.97,1166.76
20-09-11,74.01,1202.09
19-09-11,73.7,1204.09
16-09-11,74.55,1216.01
15-09-11,74.01,1209.11
14-09-11,72.64,1188.68
13-09-11,71.65,1172.87
12-09-11,71.84,1162.27
09-09-11,71.01,1154.23
08-09-11,72.82,1185.9
07-09-11,73.65,1198.62
06-09-11,71.15,1165.24
02-09-11,72.14,1173.97
01-09-11,73.49,1204.42
31-08-11,74.02,1218.89
30-08-11,73.91,1212.92
29-08-11,74.12,1210.08
26-08-11,72.64,1176.8
25-08-11,71.77,1159.27
24-08-11,73.54,1177.6
23-08-11,73.66,1162.35
22-08-11,70.18,1123.82
19-08-11,69.8,1123.53
18-08-11,70.94,1140.65
17-08-11,74.16,1193.89
16-08-11,73.5,1192.76
15-08-11,74.29,1204.49
12-08-11,72,1178.81
11-08-11,71.58,1172.64
10-08-11,68.03,1120.76
09-08-11,71.64,1172.53
08-08-11,70.19,1119.46
05-08-11,74.82,1199.38
04-08-11,73.84,1200.07
03-08-11,77.72,1260.34
02-08-11,77.84,1254.05
01-08-11,79.6,1286.94
29-07-11,79.79,1292.28
28-07-11,81.46,1300.67
27-07-11,83.31,1304.89
26-07-11,84.37,1331.94
25-07-11,84.57,1337.43
22-07-11,85.22,1345.02
21-07-11,85.02,1343.8
20-07-11,83.3,1325.84
19-07-11,83.63,1326.73
18-07-11,82.65,1305.44
15-07-11,83,1316.14
14-07-11,82.24,1308.87
13-07-11,82.48,1317.72
12-07-11,81.89,1313.64
11-07-11,81.9,1319.49
08-07-11,82.42,1343.8
07-07-11,82.36,1353.22
06-07-11,81.57,1339.22
05-07-11,81.6,1337.88
01-07-11,82.01,1339.67
30-06-11,81.38,1320.64
29-06-11,80.25,1307.41
28-06-11,79.63,1296.67
27-06-11,77.92,1280.1
24-06-11,76.78,1268.45
23-06-11,78.44,1283.5
22-06-11,79.82,1287.14
21-06-11,80.57,1295.52
20-06-11,79.71,1278.36
17-06-11,79.02,1271.5
16-06-11,79.22,1267.64
15-06-11,78.66,1265.42
14-06-11,80.38,1287.87
13-06-11,79.23,1271.83
10-06-11,79.78,1270.98
09-06-11,81.18,1289
08-06-11,80.76,1279.56
07-06-11,80,1284.94
06-06-11,80.29,1286.17
03-06-11,81.18,1300.16
02-06-11,81.33,1312.94
01-06-11,82.03,1314.55
31-05-11,83.47,1345.2
27-05-11,82.63,1331.1
26-05-11,82.39,1325.69
25-05-11,81.96,1320.47
24-05-11,81.29,1316.28
23-05-11,80.67,1317.37
20-05-11,81.57,1333.27
19-05-11,82.33,1343.6
18-05-11,81.74,1340.68
17-05-11,80.41,1328.98
16-05-11,80.24,1329.47
13-05-11,80.87,1337.77
12-05-11,81.05,1348.65
11-05-11,81.12,1342.08
10-05-11,83.34,1357.16
09-05-11,83.18,1346.29
06-05-11,82.69,1340.2
05-05-11,82.62,1335.1
04-05-11,84.81,1347.32
03-05-11,85.62,1356.62
02-05-11,86.97,1361.22
29-04-11,87.98,1363.61
28-04-11,87.34,1360.48
27-04-11,87.78,1355.66
26-04-11,87.42,1347.24
25-04-11,86.22,1335.25
21-04-11,86.36,1337.38
20-04-11,85.65,1330.36
19-04-11,83.8,1312.62
18-04-11,83.1,1305.14
15-04-11,84.29,1319.68
14-04-11,83.44,1314.52
13-04-11,83.16,1314.41
12-04-11,83.18,1314.16
11-04-11,85.16,1324.46
08-04-11,85.95,1328.17
07-04-11,85.76,1333.51
06-04-11,85.18,1335.54
05-04-11,85.42,1332.63
04-04-11,84.87,1332.87
01-04-11,84.68,1332.41
31-03-11,84.13,1325.83
30-03-11,84.49,1328.26
29-03-11,83.25,1319.44
28-03-11,83.47,1310.19
25-03-11,83.62,1313.8
24-03-11,82.73,1309.66
23-03-11,82.6,1297.54
22-03-11,82.56,1293.77
21-03-11,82.84,1298.38
18-03-11,80.85,1279.2
17-03-11,81.16,1273.72
16-03-11,79.31,1256.88
15-03-11,81.39,1281.87
14-03-11,82.38,1296.39
11-03-11,82.12,1304.28
10-03-11,81.38,1295.11
09-03-11,84.38,1320.02
08-03-11,84.6,1321.82
07-03-11,84.72,1310.13
04-03-11,85.08,1321.15
03-03-11,85.82,1330.97
02-03-11,85.08,1308.44
01-03-11,84.8,1306.33
28-02-11,85.53,1327.22
25-02-11,85.34,1319.88
24-02-11,85.97,1306.1
23-02-11,87.07,1307.4
22-02-11,85.44,1315.44
18-02-11,84.5,1343.01
17-02-11,83.88,1340.43
16-02-11,83.69,1336.32
15-02-11,82.97,1328.01
14-02-11,84.91,1332.32
11-02-11,82.82,1329.15
10-02-11,83.2,1321.87
09-02-11,82.55,1320.88
08-02-11,82.98,1324.57
07-02-11,83.93,1319.05
04-02-11,83.28,1310.87
03-02-11,83.44,1307.1
02-02-11,83.41,1304.03
01-02-11,83.91,1307.59
31-01-11,80.68,1286.12
28-01-11,78.99,1276.34
27-01-11,79.88,1299.54
26-01-11,79.66,1296.63
25-01-11,78.68,1291.18
24-01-11,78.59,1290.84
21-01-11,78.98,1283.35
20-01-11,77.75,1280.26
19-01-11,78.24,1281.92
18-01-11,78.71,1295.02
14-01-11,77.84,1293.24
13-01-11,76.71,1283.76
12-01-11,76.58,1285.96
11-01-11,75.69,1274.48
10-01-11,75.13,1269.75
07-01-11,75.59,1271.5
06-01-11,75.18,1273.85
05-01-11,74.7,1276.56
04-01-11,74.9,1270.2
03-01-11,74.55,1271.87
31-12-10,73.12,1257.64
30-12-10,73.36,1257.88
29-12-10,73.37,1259.78
28-12-10,73.42,1258.51
27-12-10,73.01,1257.54
23-12-10,73.2,1256.77
22-12-10,72.8,1258.84
21-12-10,72.72,1254.6
20-12-10,72.22,1247.08
17-12-10,72.17,1243.91
16-12-10,72.22,1242.87
15-12-10,71.85,1235.23
14-12-10,72.18,1241.59
13-12-10,72.36,1240.46
10-12-10,72.18,1240.4
09-12-10,72,1233
08-12-10,71.85,1228.28
07-12-10,71.46,1223.75
06-12-10,71.31,1223.12
03-12-10,71.19,1224.71
02-12-10,71.48,1221.53
01-12-10,71.33,1206.07
30-11-10,69.56,1180.55
29-11-10,69.45,1187.76
26-11-10,69.27,1189.4
24-11-10,69.88,1198.35
23-11-10,68.98,1180.73
22-11-10,70.19,1197.84
19-11-10,70.54,1199.73
18-11-10,70.31,1196.69
17-11-10,69.01,1178.59
16-11-10,68.94,1178.34
15-11-10,70.48,1197.75
12-11-10,70.99,1199.21
11-11-10,71.83,1213.54
10-11-10,71.13,1218.71
09-11-10,70.63,1213.4
08-11-10,70.32,1223.25
05-11-10,70,1225.85
04-11-10,69.38,1221.06
03-11-10,67.97,1197.96
02-11-10,67.84,1193.57
01-11-10,66.95,1184.38
29-10-10,66.49,1183.26
28-10-10,66.22,1183.78
27-10-10,65.67,1182.45
26-10-10,66.53,1185.64
25-10-10,66.2,1185.62
22-10-10,66.34,1183.08
21-10-10,66.32,1180.26
20-10-10,66.01,1178.17
19-10-10,65.12,1165.9
18-10-10,66.28,1184.71
15-10-10,65.19,1176.19
14-10-10,65.3,1173.81
13-10-10,65.04,1178.1
12-10-10,64.7,1169.77
11-10-10,64.55,1165.32
08-10-10,64.38,1165.15
07-10-10,63.85,1158.06
06-10-10,63.94,1159.97
05-10-10,63.26,1160.75
04-10-10,62.19,1137.03
01-10-10,62.54,1146.24
30-09-10,61.79,1141.2
29-09-10,61.59,1144.73
28-09-10,62.06,1147.7
27-09-10,61.71,1142.16
24-09-10,61.75,1148.67
23-09-10,61.15,1124.83
22-09-10,61.45,1134.28
21-09-10,61.54,1139.78
20-09-10,61.55,1142.71
17-09-10,60.78,1125.59
16-09-10,60.97,1124.66
15-09-10,61,1125.07
14-09-10,61.01,1121.1
13-09-10,61,1121.9
10-09-10,61.2,1109.55
09-09-10,61.05,1104.18
